YM,TAVG_C,TAVG_C_CLIMATOLOGY,TAVG_C_ANOMALY,TAVG_F,TMAX_C,TMIN_C,DAYS_REPORTED,TAVG_DAYS,TMAX_DAYS,TMIN_DAYS
1955-01,25.896,27.092,-1.196,78.61290322580645,29.337,22.338,31,31,31,24
1955-02,25.933,27.118,-1.185,78.67857142857143,29.187,22.164,28,28,28,19
1955-03,26.738,27.622,-0.884,80.12903225806451,30.358,22.083,31,31,31,24
1955-04,27.407,28.346,-0.939,81.33333333333333,31.037,23.156,30,30,30,25
1955-05,27.401,28.55,-1.149,81.3225806451613,31.147,23.422,31,31,31,25
1955-06,26.87,28.125,-1.255,80.36666666666666,30.574,22.826,30,30,30,23
1955-07,26.792,27.779,-0.987,80.2258064516129,30.735,22.756,31,31,31,25
1955-08,26.434,27.921,-1.487,79.58064516129032,30.341,22.844,31,31,31,25
1955-09,26.519,27.722,-1.203,79.73333333333333,30.296,22.778,30,30,30,23
1955-10,26.953,27.519,-0.566,80.51612903225806,30.896,22.894,31,31,31,24
1955-11,26.778,27.497,-0.719,80.2,30.352,23.125,30,30,30,24
1955-12,,27.401,,,,,31,0,0,0
1956-01,25.663,27.092,-1.429,78.19354838709677,29.283,22.249,31,31,31,21
1956-02,26.169,27.118,-0.949,79.10344827586206,29.603,22.415,29,29,28,23
1956-03,26.703,27.622,-0.919,80.06451612903226,30.412,22.44,31,31,31,23
1956-04,27.37,28.346,-0.976,81.26666666666667,31.185,23.03,30,30,30,22
1956-05,27.276,28.55,-1.274,81.09677419354838,31.147,23.38,31,31,31,24
1956-06,27.185,28.125,-0.94,80.93333333333334,31.222,22.955,30,30,30,22
1956-07,26.72,27.779,-1.059,80.09677419354838,30.627,22.536,31,31,31,23
1956-08,27.043,27.921,-0.878,80.6774193548387,30.591,22.705,31,31,31,23
1956-09,26.981,27.722,-0.741,80.56666666666666,30.667,23.005,30,30,30,22
1956-10,26.362,27.519,-1.157,79.45161290322581,30.054,22.714,31,31,31,26
1956-11,26.13,27.497,-1.367,79.03333333333333,29.574,22.609,30,30,30,23
1956-12,25.806,27.401,-1.595,78.45161290322581,29.229,22.778,31,31,31,24
1957-01,25.95,27.092,-1.142,78.70967741935483,29.516,22.44,31,31,31,23
1957-02,26.091,27.118,-1.027,78.96428571428571,29.484,22.045,28,28,28,22
1957-03,26.792,27.622,-0.83,80.2258064516129,30.161,22.802,31,31,31,23
1957-04,27.685,28.346,-0.661,81.83333333333333,31.167,23.069,30,30,30,21
1957-05,28.28,28.55,-0.27,82.90322580645162,31.953,24.116,31,31,31,22
1957-06,27.741,28.125,-0.384,81.93333333333334,31.444,23.409,30,30,30,22
1957-07,27.33,27.779,-0.449,81.19354838709677,31.129,23.022,31,31,31,25
1957-08,27.76,27.921,-0.161,81.96774193548387,31.129,23.289,31,31,31,25
1957-09,27.426,27.722,-0.296,81.36666666666666,30.778,23.148,30,30,30,21
1957-10,27.097,27.519,-0.422,80.7741935483871,30.609,23.14,31,31,31,23
1957-11,27.148,27.497,-0.349,80.86666666666666,30.463,23.116,30,30,30,23
1957-12,27.222,27.401,-0.179,81.0,30.86,23.148,31,31,31,27
1958-01,27.276,27.092,0.184,81.09677419354838,30.932,23.086,31,31,31,27
1958-02,27.163,27.118,0.045,80.89285714285714,30.794,22.778,28,28,28,22
1958-03,27.76,27.622,0.138,81.96774193548387,31.398,23.009,31,31,31,24
1958-04,28.407,28.346,0.061,83.13333333333334,32.111,23.671,30,30,30,23
1958-05,28.172,28.55,-0.378,82.70967741935483,31.774,24.167,31,31,31,24
1958-06,27.981,28.125,-0.144,82.36666666666666,31.722,24.005,30,30,30,24
1958-07,27.76,27.779,-0.019,81.96774193548387,31.487,23.111,31,31,31,25
1958-08,26.9,27.921,-1.021,80.41935483870968,30.43,23.283,31,31,31,22
1958-09,27.444,27.722,-0.278,81.4,30.981,23.489,30,30,30,25
1958-10,26.72,27.519,-0.799,80.09677419354838,30.072,23.601,31,31,31,27
1958-11,26.0,27.497,-1.497,78.8,29.093,22.889,30,30,30,20
1958-12,26.756,27.401,-0.645,80.16129032258064,30.018,22.874,31,31,31,23
1959-01,26.47,27.092,-0.622,79.64516129032258,29.839,22.444,31,31,31,25
1959-02,26.964,27.118,-0.154,80.53571428571429,30.456,22.8,28,28,28,25
1959-03,27.151,27.622,-0.471,80.87096774193549,30.538,23.333,31,31,31,25
1959-04,27.981,28.346,-0.365,82.36666666666666,31.463,23.939,30,30,30,22
1959-05,27.616,28.55,-0.934,81.70967741935483,31.254,24.343,31,31,31,22
1959-06,27.315,28.125,-0.81,81.16666666666667,30.778,23.757,30,30,30,21
1959-07,27.276,27.779,-0.503,81.09677419354838,30.484,23.21,31,31,31,27
1959-08,27.258,27.921,-0.663,81.06451612903226,30.735,23.128,31,31,31,27
1959-09,26.759,27.722,-0.963,80.16666666666667,30.241,22.929,30,30,30,22
1959-10,26.738,27.519,-0.781,80.12903225806451,29.946,23.116,31,31,31,23
1959-11,26.167,27.497,-1.33,79.1,29.426,22.937,30,30,30,21
1959-12,26.595,27.401,-0.806,79.87096774193549,30.054,23.148,31,31,31,27
1960-01,26.416,27.092,-0.676,79.54838709677419,29.677,22.639,31,31,31,24
1960-02,26.169,27.118,-0.949,79.10344827586206,29.368,22.727,29,29,29,22
1960-03,26.971,27.622,-0.651,80.54838709677419,30.43,22.424,31,31,31,22
1960-04,27.407,28.346,-0.939,81.33333333333333,31.056,23.511,30,30,30,25
1960-05,27.401,28.55,-1.149,81.3225806451613,31.004,23.803,31,31,31,26
1960-06,27.389,28.125,-0.736,81.3,31.019,23.444,30,30,30,20
1960-07,27.043,27.779,-0.736,80.6774193548387,30.573,23.483,31,31,31,26
1960-08,27.993,27.921,0.072,82.38709677419355,31.326,23.696,31,31,31,23
1960-09,26.574,27.722,-1.148,79.83333333333333,30.167,23.194,30,30,30,24
1960-10,27.186,27.519,-0.333,80.93548387096774,30.663,23.472,31,31,31,24
1960-11,26.537,27.497,-0.96,79.76666666666667,30.0,23.111,30,30,30,25
1960-12,27.115,27.401,-0.286,80.80645161290323,30.448,23.102,31,31,31,24
1961-01,26.093,27.092,-0.999,78.96774193548387,29.48,21.995,31,31,31,22
1961-02,26.31,27.118,-0.808,79.35714285714286,29.722,22.702,28,28,28,22
1961-03,27.115,27.622,-0.507,80.80645161290323,30.358,23.426,31,31,31,24
1961-04,27.333,28.346,-1.013,81.2,30.556,23.671,30,30,30,23
1961-05,27.975,28.55,-0.575,82.35483870967742,31.326,24.116,31,31,31,22
1961-06,27.204,28.125,-0.921,80.96666666666667,30.63,23.285,30,30,30,23
1961-07,27.258,27.779,-0.521,81.06451612903226,30.968,22.917,31,31,31,24
1961-08,27.24,27.921,-0.681,81.03225806451613,30.573,23.156,31,31,31,25
1961-09,27.148,27.722,-0.574,80.86666666666666,30.63,23.092,30,30,30,23
1961-10,26.846,27.519,-0.673,80.3225806451613,30.376,22.923,31,31,31,23
1961-11,26.963,27.497,-0.534,80.53333333333333,30.63,22.955,30,30,30,22
1961-12,26.362,27.401,-1.039,79.45161290322581,29.892,23.009,31,31,31,24
1962-01,25.735,27.092,-1.357,78.3225806451613,29.176,22.751,31,31,31,21
1962-02,25.794,27.118,-1.324,78.42857142857143,28.869,22.348,28,28,28,22
1962-03,26.559,27.622,-1.063,79.80645161290323,29.928,23.022,31,31,31,25
1962-04,27.278,28.346,-1.068,81.1,30.481,23.632,30,30,30,26
1962-05,27.616,28.55,-0.934,81.70967741935483,31.111,24.021,31,31,31,21
1962-06,27.315,28.125,-0.81,81.16666666666667,31.056,23.309,30,30,30,23
1962-07,27.545,27.779,-0.234,81.58064516129032,30.896,23.413,31,31,31,21
1962-08,26.649,27.921,-1.272,79.96774193548387,30.215,22.94,31,31,31,24
1962-09,27.333,27.722,-0.389,81.2,30.648,23.357,30,30,30,23
1962-10,27.294,27.519,-0.225,81.12903225806451,30.627,23.46,31,31,31,22
1962-11,26.556,27.497,-0.941,79.8,29.923,22.986,30,30,29,24
1962-12,26.272,27.401,-1.129,79.29032258064517,29.731,22.98,31,31,31,22
1963-01,24.892,27.092,-2.2,76.80645161290323,27.814,22.407,31,31,31,24
1963-02,25.139,27.118,-1.979,77.25,28.333,22.09,28,28,28,21
1963-03,26.039,27.622,-1.583,78.87096774193549,29.176,22.731,31,31,31,24
1963-04,27.222,28.346,-1.124,81.0,30.556,23.056,30,30,30,24
1963-05,27.796,28.55,-0.754,82.03225806451613,31.165,24.156,31,31,31,27
1963-06,27.907,28.125,-0.218,82.23333333333333,31.426,23.644,30,30,30,25
1963-07,27.527,27.779,-0.252,81.54838709677419,31.037,23.472,31,31,30,24
1963-08,27.097,27.921,-0.824,80.7741935483871,30.538,23.2,31,31,31,25
1963-09,27.741,27.722,0.019,81.93333333333334,31.241,23.75,30,30,30,24
1963-10,27.222,27.519,-0.297,81.0,30.538,23.287,31,31,31,24
1963-11,27.352,27.497,-0.145,81.23333333333333,30.796,23.386,30,30,30,21
1963-12,26.81,27.401,-0.591,80.25806451612904,30.341,22.97,31,31,31,26
1964-01,27.204,27.092,0.112,80.96774193548387,30.753,23.081,31,31,31,22
1964-02,26.533,27.118,-0.585,79.75862068965517,30.23,22.488,29,29,29,23
1964-03,27.025,27.622,-0.597,80.64516129032258,30.663,23.169,31,31,31,27
1964-04,27.759,28.346,-0.587,81.96666666666667,31.37,24.028,30,30,30,24
1964-05,27.885,28.55,-0.665,82.19354838709677,31.398,24.145,31,31,31,26
1964-06,27.204,28.125,-0.921,80.96666666666667,30.556,23.454,30,30,30,23
1964-07,26.738,27.779,-1.041,80.12903225806451,30.287,23.164,31,31,31,23
1964-08,27.168,27.921,-0.753,80.90322580645162,30.717,23.311,31,31,31,25
1964-09,26.759,27.722,-0.963,80.16666666666667,30.315,23.222,30,30,30,25
1964-10,26.452,27.519,-1.067,79.61290322580645,29.892,22.956,31,31,31,25
1964-11,26.296,27.497,-1.201,79.33333333333333,29.167,23.032,30,30,30,24
1964-12,25.986,27.401,-1.415,78.7741935483871,29.05,22.374,31,31,31,22
1965-01,25.88,27.092,-1.212,78.58333333333333,28.333,21.111,31,12,2,4
1965-02,25.833,27.118,-1.285,78.5,29.365,21.944,28,14,7,8
1965-03,26.083,27.622,-1.539,78.95,29.778,22.944,31,20,10,10
1965-04,27.753,28.346,-0.593,81.95454545454545,30.808,23.444,30,22,11,10
1965-05,27.415,28.55,-1.135,81.34615384615384,31.019,23.485,31,26,12,11
1965-06,27.46,28.125,-0.665,81.42857142857143,31.042,23.148,30,28,16,12
1965-07,27.244,27.779,-0.535,81.03846153846153,30.833,23.056,31,26,8,2
1965-08,26.858,27.921,-1.063,80.34482758620689,30.494,22.857,31,29,9,7
1965-09,27.395,27.722,-0.327,81.3103448275862,30.889,23.175,30,29,5,7
1965-10,27.184,27.519,-0.335,80.93103448275862,30.476,23.333,31,29,14,11
1965-11,27.63,27.497,0.133,81.73333333333333,30.864,23.148,30,30,9,6
1965-12,26.82,27.401,-0.581,80.27586206896552,29.877,23.148,31,29,9,6
1966-01,,27.092,,,,,31,0,0,0
1966-02,,27.118,,,,,28,0,0,0
1966-03,,27.622,,,,,31,0,0,0
1966-04,,28.346,,,,,30,0,0,0
1966-05,,28.55,,,,,31,0,0,0
1966-06,,28.125,,,,,30,0,0,0
1966-07,,27.779,,,,,31,0,0,0
1966-08,,27.921,,,,,31,0,0,0
1966-09,,27.722,,,,,30,0,0,0
1966-10,,27.519,,,,,31,0,0,0
1966-11,,27.497,,,,,30,0,0,0
1966-12,,27.401,,,,,31,0,0,0
1967-01,,27.092,,,,,31,0,0,0
1967-02,,27.118,,,,,28,0,0,0
1967-03,,27.622,,,,,31,0,0,0
1967-04,,28.346,,,,,30,0,0,0
1967-05,,28.55,,,,,31,0,0,0
1967-06,,28.125,,,,,30,0,0,0
1967-07,,27.779,,,,,31,0,0,0
1967-08,,27.921,,,,,31,0,0,0
1967-09,,27.722,,,,,30,0,0,0
1967-10,,27.519,,,,,31,0,0,0
1967-11,,27.497,,,,,30,0,0,0
1967-12,,27.401,,,,,31,0,0,0
1968-01,,27.092,,,,,31,0,0,0
1968-02,,27.118,,,,,29,0,0,0
1968-03,,27.622,,,,,31,0,0,0
1968-04,,28.346,,,,,30,0,0,0
1968-05,,28.55,,,,,31,0,0,0
1968-06,,28.125,,,,,30,0,0,0
1968-07,,27.779,,,,,31,0,0,0
1968-08,,27.921,,,,,31,0,0,0
1968-09,,27.722,,,,,30,0,0,0
1968-10,,27.519,,,,,31,0,0,0
1968-11,,27.497,,,,,30,0,0,0
1968-12,,27.401,,,,,31,0,0,0
1969-01,,27.092,,,,,31,0,0,0
1969-02,,27.118,,,,,28,0,0,0
1969-03,,27.622,,,,,31,0,0,0
1969-04,,28.346,,,,,30,0,0,0
1969-05,,28.55,,,,,31,0,0,0
1969-06,,28.125,,,,,30,0,0,0
1969-07,,27.779,,,,,31,0,0,0
1969-08,,27.921,,,,,31,0,0,0
1969-09,,27.722,,,,,30,0,0,0
1969-10,,27.519,,,,,31,0,0,0
1969-11,,27.497,,,,,30,0,0,0
1969-12,,27.401,,,,,31,0,0,0
1970-01,,27.092,,,,,31,0,0,0
1970-02,,27.118,,,,,28,0,0,0
1970-03,,27.622,,,,,31,0,0,0
1970-04,,28.346,,,,,30,0,0,0
1970-05,,28.55,,,,,31,0,0,0
1970-06,,28.125,,,,,30,0,0,0
1970-07,,27.779,,,,,31,0,0,0
1970-08,,27.921,,,,,31,0,0,0
1970-09,,27.722,,,,,30,0,0,0
1970-10,,27.519,,,,,31,0,0,0
1970-11,,27.497,,,,,30,0,0,0
1970-12,,27.401,,,,,31,0,0,0
1971-01,,27.092,,,,,31,0,0,0
1971-02,,27.118,,,,,28,0,0,0
1971-03,,27.622,,,,,31,0,0,0
1971-04,,28.346,,,,,30,0,0,0
1971-05,,28.55,,,,,31,0,0,0
1971-06,,28.125,,,,,30,0,0,0
1971-07,,27.779,,,,,31,0,0,0
1971-08,,27.921,,,,,31,0,0,0
1971-09,,27.722,,,,,30,0,0,0
1971-10,,27.519,,,,,31,0,0,0
1971-11,,27.497,,,,,30,0,0,0
1971-12,,27.401,,,,,31,0,0,0
1972-01,,27.092,,,,,31,0,0,0
1972-02,,27.118,,,,,29,0,0,0
1972-03,,27.622,,,,,31,0,0,0
1972-04,,28.346,,,,,30,0,0,0
1972-05,,28.55,,,,,31,0,0,0
1972-06,,28.125,,,,,30,0,0,0
1972-07,,27.779,,,,,31,0,0,0
1972-08,,27.921,,,,,31,0,0,0
1972-09,,27.722,,,,,30,0,0,0
1972-10,,27.519,,,,,31,0,0,0
1972-11,,27.497,,,,,30,0,0,0
1972-12,,27.401,,,,,31,0,0,0
1973-01,26.963,27.092,-0.129,80.53333333333333,,,31,30,0,0
1973-02,27.428,27.118,0.31,81.37037037037037,,,28,27,0,0
1973-03,27.616,27.622,-0.006,81.70967741935483,,,31,31,0,0
1973-04,27.241,28.346,-1.105,81.03333333333333,,,30,30,0,0
1973-05,27.204,28.55,-1.346,80.96774193548387,,,31,31,0,0
1973-06,27.315,28.125,-0.81,81.16666666666667,,,30,30,0,0
1973-07,26.88,27.779,-0.899,80.38461538461539,,,31,26,0,0
1973-08,26.989,27.921,-0.932,80.58064516129032,,,31,31,0,0
1973-09,25.87,27.722,-1.852,78.56666666666666,,,30,30,0,0
1973-10,27.061,27.519,-0.458,80.70967741935483,,,31,31,0,0
1973-11,26.054,27.497,-1.443,78.89655172413794,,,30,29,0,0
1973-12,25.842,27.401,-1.559,78.51612903225806,,,31,31,0,0
1974-01,25.036,27.092,-2.056,77.06451612903226,,,31,31,0,0
1974-02,25.06,27.118,-2.058,77.10714285714286,,,28,28,0,0
1974-03,26.004,27.622,-1.618,78.80645161290323,,,31,31,0,0
1974-04,26.87,28.346,-1.476,80.36666666666666,,,30,30,0,0
1974-05,27.258,28.55,-1.292,81.06451612903226,,,31,31,0,0
1974-06,26.944,28.125,-1.181,80.5,,,30,30,0,0
1974-07,26.9,27.779,-0.879,80.41935483870968,,,31,31,0,0
1974-08,27.097,27.921,-0.824,80.7741935483871,,,31,31,0,0
1974-09,26.204,27.722,-1.518,79.16666666666667,,,30,30,0,0
1974-10,26.147,27.519,-1.372,79.06451612903226,,,31,31,0,0
1974-11,26.333,27.497,-1.164,79.4,,,30,30,0,0
1974-12,26.075,27.401,-1.326,78.93548387096774,,,31,31,0,0
1975-01,26.132,27.092,-0.96,79.03846153846153,,,31,26,0,0
1975-02,26.012,27.118,-1.106,78.82142857142857,,,28,28,0,0
1975-03,26.344,27.622,-1.278,79.41935483870968,,,31,31,0,0
1975-04,27.889,28.346,-0.457,82.2,,,30,30,0,0
1975-05,27.126,28.55,-1.424,80.82758620689656,,,31,29,0,0
1975-06,27.019,28.125,-1.106,80.63333333333334,,,30,30,0,0
1975-07,26.756,27.779,-1.023,80.16129032258064,,,31,31,0,0
1975-08,27.33,27.921,-0.591,81.19354838709677,,,31,31,0,0
1975-09,26.185,27.722,-1.537,79.13333333333334,,,30,30,0,0
1975-10,26.523,27.519,-0.996,79.74193548387096,,,31,31,0,0
1975-11,26.315,27.497,-1.182,79.36666666666666,,,30,30,0,0
1975-12,26.111,27.401,-1.29,79.0,,,31,31,0,0
1976-01,25.502,27.092,-1.59,77.90322580645162,,,31,31,0,0
1976-02,25.594,27.118,-1.524,78.06896551724138,,,29,29,0,0
1976-03,26.685,27.622,-0.937,80.03225806451613,,,31,31,0,0
1976-04,27.167,28.346,-1.179,80.9,,,30,30,0,0
1976-05,27.348,28.55,-1.202,81.2258064516129,,,31,31,0,0
1976-06,27.241,28.125,-0.884,81.03333333333333,,,30,30,0,0
1976-07,27.24,27.779,-0.539,81.03225806451613,,,31,31,0,0
1976-08,26.828,27.921,-1.093,80.29032258064517,,,31,31,0,0
1976-09,27.222,27.722,-0.5,81.0,,,30,30,0,0
1976-10,26.882,27.519,-0.637,80.38709677419355,,,31,31,0,0
1976-11,27.315,27.497,-0.182,81.16666666666667,,,30,30,0,0
1976-12,26.796,27.401,-0.605,80.23333333333333,,,31,30,0,0
1977-01,26.237,27.092,-0.855,79.2258064516129,,,31,31,0,0
1977-02,25.714,27.118,-1.404,78.28571428571429,,,28,28,0,0
1977-03,26.72,27.622,-0.902,80.09677419354838,,,31,31,0,0
1977-04,27.667,28.346,-0.679,81.8,,,30,30,0,0
1977-05,27.778,28.55,-0.772,82.0,,,31,31,0,0
1977-06,27.389,28.125,-0.736,81.3,,,30,30,0,0
1977-07,27.509,27.779,-0.27,81.51612903225806,,,31,31,0,0
1977-08,27.133,27.921,-0.788,80.83870967741936,,,31,31,0,0
1977-09,27.759,27.722,0.037,81.96666666666667,,,30,30,0,0
1977-10,26.9,27.519,-0.619,80.41935483870968,,,31,31,0,0
1977-11,26.796,27.497,-0.701,80.23333333333333,,,30,30,0,0
1977-12,26.595,27.401,-0.806,79.87096774193549,,,31,31,0,0
1978-01,26.254,27.092,-0.838,79.25806451612904,,,31,31,0,0
1978-02,26.389,27.118,-0.729,79.5,,,28,28,0,0
1978-03,27.563,27.622,-0.059,81.61290322580645,,,31,31,0,0
1978-04,27.722,28.346,-0.624,81.9,,,30,30,0,0
1978-05,27.975,28.55,-0.575,82.35483870967742,,,31,31,0,0
1978-06,27.426,28.125,-0.699,81.36666666666666,,,30,30,0,0
1978-07,27.007,27.779,-0.772,80.61290322580645,,,31,31,0,0
1978-08,27.384,27.921,-0.537,81.29032258064517,,,31,31,0,0
1978-09,27.0,27.722,-0.722,80.6,,,30,30,0,0
1978-10,26.9,27.519,-0.619,80.41935483870968,,,31,31,0,0
1978-11,26.574,27.497,-0.923,79.83333333333333,,,30,30,0,0
1978-12,26.9,27.401,-0.501,80.41935483870968,,,31,31,0,0
1979-01,26.649,27.092,-0.443,79.96774193548387,,,31,31,0,0
1979-02,26.984,27.118,-0.134,80.57142857142857,,,28,28,0,0
1979-03,27.276,27.622,-0.346,81.09677419354838,,,31,31,0,0
1979-04,27.907,28.346,-0.439,82.23333333333333,,,30,30,0,0
1979-05,28.118,28.55,-0.432,82.61290322580645,32.222,,31,31,1,0
1979-06,27.389,28.125,-0.736,81.3,31.687,24.106,30,30,27,23
1979-07,27.007,27.779,-0.772,80.61290322580645,31.073,23.38,31,31,29,24
1979-08,27.616,27.921,-0.305,81.70967741935483,31.806,23.739,31,31,28,26
1979-09,26.648,27.722,-1.074,79.96666666666667,30.575,23.462,30,30,28,26
1979-10,26.685,27.519,-0.834,80.03225806451613,30.463,23.311,31,31,30,25
1979-11,26.741,27.497,-0.756,80.13333333333334,31.149,23.56,30,30,29,27
1979-12,26.72,27.401,-0.681,80.09677419354838,31.461,22.942,31,31,27,27
1980-01,26.416,27.092,-0.676,79.54838709677419,30.441,23.222,31,31,29,30
1980-02,26.628,27.118,-0.49,79.93103448275862,31.474,22.444,29,29,26,25
1980-03,27.222,27.622,-0.4,81.0,32.452,23.156,31,31,29,25
1980-04,27.759,28.346,-0.587,81.96666666666667,32.49,24.022,30,30,27,25
1980-05,28.315,28.55,-0.235,82.96774193548387,32.759,24.491,31,31,30,24
1980-06,27.5,28.125,-0.625,81.5,31.82,23.654,30,30,29,26
1980-07,27.545,27.779,-0.234,81.58064516129032,31.828,23.56,31,31,31,27
1980-08,26.984,27.921,-0.937,80.57142857142857,31.752,23.148,31,28,26,21
1980-09,27.759,27.722,0.037,81.96666666666667,32.014,23.634,30,30,24,24
1980-10,27.509,27.519,-0.01,81.51612903225806,31.667,23.807,31,31,27,27
1980-11,27.0,27.497,-0.497,80.6,31.379,23.274,30,30,27,28
1980-12,26.254,27.401,-1.147,79.25806451612904,30.352,22.978,31,31,30,25
1981-01,25.968,27.092,-1.124,78.74193548387096,29.856,22.755,31,31,27,24
1981-02,26.508,27.118,-0.61,79.71428571428571,31.28,22.622,28,28,23,25
1981-03,27.67,27.622,0.048,81.80645161290323,32.119,22.778,31,31,27,26
1981-04,28.148,28.346,-0.198,82.66666666666667,32.572,24.074,30,30,27,24
1981-05,28.167,28.55,-0.383,82.7,32.5,24.306,31,30,24,24
1981-06,27.815,28.125,-0.31,82.06666666666666,32.011,23.687,30,30,29,22
1981-07,27.366,27.779,-0.413,81.25806451612904,31.858,23.23,31,31,29,27
1981-08,27.921,27.921,0.0,82.25806451612904,31.916,23.395,31,31,29,27
1981-09,27.5,27.722,-0.222,81.5,31.728,23.218,30,30,27,24
1981-10,27.294,27.519,-0.225,81.12903225806451,31.538,23.2,31,31,26,25
1981-11,26.759,27.497,-0.738,80.16666666666667,31.073,23.175,30,30,29,28
1981-12,26.882,27.401,-0.519,80.38709677419355,30.748,23.03,31,31,26,22
1982-01,26.613,27.092,-0.479,79.90322580645162,,,31,31,0,0
1982-02,26.825,27.118,-0.293,80.28571428571429,,,28,28,0,0
1982-03,27.67,27.622,0.048,81.80645161290323,32.778,23.889,31,31,1,1
1982-04,28.074,28.346,-0.272,82.53333333333333,,,30,30,0,0
1982-05,27.939,28.55,-0.611,82.29032258064517,,,31,31,0,0
1982-06,27.611,28.125,-0.514,81.7,,,30,30,0,0
1982-07,27.527,27.779,-0.252,81.54838709677419,,,31,31,0,0
1982-08,27.294,27.921,-0.627,81.12903225806451,,,31,31,0,0
1982-09,27.241,27.722,-0.481,81.03333333333333,,,30,30,0,0
1982-10,27.007,27.519,-0.512,80.61290322580645,,,31,31,0,0
1982-11,27.49,27.497,-0.007,81.48275862068965,31.944,,30,29,2,0
1982-12,27.491,27.401,0.09,81.48387096774194,,,31,31,0,0
1983-01,27.312,27.092,0.22,81.16129032258064,,,31,31,0,0
1983-02,28.234,27.118,1.116,82.82142857142857,,,28,28,0,0
1983-03,28.835,27.622,1.213,83.90322580645162,,,31,31,0,0
1983-04,29.521,28.346,1.175,85.13793103448276,,,30,29,0,0
1983-05,28.477,28.55,-0.073,83.25806451612904,,,31,31,0,0
1983-06,28.463,28.125,0.338,83.23333333333333,,,30,30,0,0
1983-07,27.885,27.779,0.106,82.19354838709677,,,31,31,0,0
1983-08,27.993,27.921,0.072,82.38709677419355,,24.444,31,31,0,1
1983-09,27.203,27.722,-0.519,80.96551724137932,,,30,29,0,0
1983-10,27.419,27.519,-0.1,81.35483870967742,,,31,31,0,0
1983-11,26.926,27.497,-0.571,80.46666666666667,,,30,30,0,0
1983-12,26.219,27.401,-1.182,79.19354838709677,30.0,,31,31,2,0
1984-01,26.129,27.092,-0.963,79.03225806451613,,,31,31,0,0
1984-02,26.054,27.118,-1.064,78.89655172413794,,22.778,29,29,0,1
1984-03,26.864,27.622,-0.758,80.35483870967742,,,31,31,0,0
1984-04,27.185,28.346,-1.161,80.93333333333334,,,30,30,0,0
1984-05,27.168,28.55,-1.382,80.90322580645162,,,31,31,0,0
1984-06,27.337,28.125,-0.788,81.20689655172414,,,30,29,0,0
1984-07,26.918,27.779,-0.861,80.45161290322581,,,31,31,0,0
1984-08,27.742,27.921,-0.179,81.93548387096774,,,31,31,0,0
1984-09,26.611,27.722,-1.111,79.9,,,30,30,0,0
1984-10,26.795,27.519,-0.724,80.23076923076923,,,31,26,0,0
1984-11,26.877,27.497,-0.62,80.37931034482759,,,30,29,0,0
1984-12,26.577,27.401,-0.824,79.83870967741936,,,31,31,0,0
1985-01,26.344,27.092,-0.748,79.41935483870968,,,31,31,0,0
1985-02,27.044,27.118,-0.074,80.67857142857143,,,28,28,0,0
1985-03,27.599,27.622,-0.023,81.6774193548387,,,31,31,0,0
1985-04,27.778,28.346,-0.568,82.0,,,30,30,0,0
1985-05,27.616,28.55,-0.934,81.70967741935483,,,31,31,0,0
1985-06,27.833,28.125,-0.292,82.1,,,30,30,0,0
1985-07,26.738,27.779,-1.041,80.12903225806451,,,31,31,0,0
1985-08,27.473,27.921,-0.448,81.45161290322581,,,31,31,0,0
1985-09,26.722,27.722,-1.0,80.1,,,30,30,0,0
1985-10,26.647,27.519,-0.872,79.96428571428571,,,31,28,0,0
1985-11,27.031,27.497,-0.466,80.65517241379311,,,30,29,0,0
1985-12,26.792,27.401,-0.609,80.2258064516129,,,31,31,0,0
1986-01,25.896,27.092,-1.196,78.61290322580645,,,31,31,0,0
1986-02,26.607,27.118,-0.511,79.89285714285714,,,28,28,0,0
1986-03,26.774,27.622,-0.848,80.19354838709677,,,31,31,0,0
1986-04,27.963,28.346,-0.383,82.33333333333333,,,30,30,0,0
1986-05,28.259,28.55,-0.291,82.86666666666666,,,31,30,0,0
1986-06,27.463,28.125,-0.662,81.43333333333334,,,30,30,0,0
1986-07,27.581,27.779,-0.198,81.64516129032258,,,31,31,0,0
1986-08,27.097,27.921,-0.824,80.7741935483871,,,31,31,0,0
1986-09,27.241,27.722,-0.481,81.03333333333333,,,30,30,0,0
1986-10,27.097,27.519,-0.422,80.7741935483871,,,31,31,0,0
1986-11,26.513,27.497,-0.984,79.72413793103448,,,30,29,0,0
1986-12,26.989,27.401,-0.412,80.58064516129032,,,31,31,0,0
1987-01,26.183,27.092,-0.909,79.12903225806451,,,31,31,0,0
1987-02,26.448,27.118,-0.67,79.60714285714286,,,28,28,0,0
1987-03,28.011,27.622,0.389,82.41935483870968,,,31,31,0,0
1987-04,28.685,28.346,0.339,83.63333333333334,,,30,30,0,0
1987-05,28.029,28.55,-0.521,82.45161290322581,,,31,31,0,0
1987-06,28.093,28.125,-0.032,82.56666666666666,,,30,30,0,0
1987-07,27.616,27.779,-0.163,81.70967741935483,,,31,31,0,0
1987-08,27.276,27.921,-0.645,81.09677419354838,,,31,31,0,0
1987-09,27.5,27.722,-0.222,81.5,,,30,30,0,0
1987-10,27.455,27.519,-0.064,81.41935483870968,,,31,31,0,0
1987-11,27.537,27.497,0.04,81.56666666666666,,,30,30,0,0
1987-12,27.061,27.401,-0.34,80.70967741935483,,,31,31,0,0
1988-01,27.168,27.092,0.076,80.90322580645162,,,31,31,0,0
1988-02,26.877,27.118,-0.241,80.37931034482759,,,29,29,0,0
1988-03,27.76,27.622,0.138,81.96774193548387,,,31,31,0,0
1988-04,28.222,28.346,-0.124,82.8,,,30,30,0,0
1988-05,27.814,28.55,-0.736,82.06451612903226,,,31,31,0,0
1988-06,27.593,28.125,-0.532,81.66666666666667,,,30,30,0,0
1988-07,27.258,27.779,-0.521,81.06451612903226,,,31,31,0,0
1988-08,26.935,27.921,-0.986,80.48387096774194,,,31,31,0,0
1988-09,27.037,27.722,-0.685,80.66666666666667,,,30,30,0,0
1988-10,27.097,27.519,-0.422,80.7741935483871,,,31,31,0,0
1988-11,26.407,27.497,-1.09,79.53333333333333,,,30,30,0,0
1988-12,25.753,27.401,-1.648,78.35483870967742,,,31,31,0,0
1989-01,26.631,27.092,-0.461,79.93548387096774,,,31,31,0,0
1989-02,25.992,27.118,-1.126,78.78571428571429,,,28,28,0,0
1989-03,26.523,27.622,-1.099,79.74193548387096,,,31,31,0,0
1989-04,27.296,28.346,-1.05,81.13333333333334,,,30,30,0,0
1989-05,27.67,28.55,-0.88,81.80645161290323,,,31,31,0,0
1989-06,27.37,28.125,-0.755,81.26666666666667,,,30,30,0,0
1989-07,27.384,27.779,-0.395,81.29032258064517,,,31,31,0,0
1989-08,27.24,27.921,-0.681,81.03225806451613,,,31,31,0,0
1989-09,27.111,27.722,-0.611,80.8,,,30,30,0,0
1989-10,27.384,27.519,-0.135,81.29032258064517,,,31,31,0,0
1989-11,27.167,27.497,-0.33,80.9,,,30,30,0,0
1989-12,26.828,27.401,-0.573,80.29032258064517,,,31,31,0,0
1990-01,26.434,27.092,-0.658,79.58064516129032,,,31,31,0,0
1990-02,27.044,27.118,-0.074,80.67857142857143,,,28,28,0,0
1990-03,27.348,27.622,-0.274,81.2258064516129,,,31,31,0,0
1990-04,28.333,28.346,-0.013,83.0,,,30,30,0,0
1990-05,28.136,28.55,-0.414,82.64516129032258,,,31,31,0,0
1990-06,27.759,28.125,-0.366,81.96666666666667,,,30,30,0,0
1990-07,27.348,27.779,-0.431,81.2258064516129,,,31,31,0,0
1990-08,27.509,27.921,-0.412,81.51612903225806,,,31,31,0,0
1990-09,27.204,27.722,-0.518,80.96666666666667,,,30,30,0,0
1990-10,27.401,27.519,-0.118,81.3225806451613,,,31,31,0,0
1990-11,26.944,27.497,-0.553,80.5,,,30,30,0,0
1990-12,27.097,27.401,-0.304,80.7741935483871,,,31,31,0,0
1991-01,26.631,27.092,-0.461,79.93548387096774,,,31,31,0,0
1991-02,26.845,27.118,-0.273,80.32142857142857,,,28,28,0,0
1991-03,27.849,27.622,0.227,82.12903225806451,32.407,23.667,31,31,12,10
1991-04,28.074,28.346,-0.272,82.53333333333333,32.35,23.783,30,30,13,21
1991-05,28.029,28.55,-0.521,82.45161290322581,32.407,24.048,31,31,18,21
1991-06,28.485,28.125,0.36,83.27272727272727,32.647,24.798,30,22,17,11
1991-07,27.537,27.779,-0.242,81.56666666666666,31.733,23.743,31,30,25,19
1991-08,27.481,27.921,-0.44,81.46666666666667,31.647,23.545,31,30,28,21
1991-09,27.444,27.722,-0.278,81.4,31.267,23.864,30,30,25,22
1991-10,26.828,27.519,-0.691,80.29032258064517,30.873,23.395,31,31,28,18
1991-11,26.934,27.497,-0.563,80.48148148148148,30.859,23.571,30,27,22,21
1991-12,26.9,27.401,-0.501,80.41935483870968,30.754,23.068,31,31,28,23
1992-01,26.611,27.092,-0.481,79.9,30.726,22.295,31,30,26,23
1992-02,27.069,27.118,-0.049,80.72413793103448,31.597,22.489,29,29,24,25
1992-03,27.76,27.622,0.138,81.96774193548387,32.079,22.933,31,31,31,25
1992-04,28.831,28.346,0.485,83.89655172413794,32.822,24.444,30,29,25,20
1992-05,27.877,28.55,-0.673,82.17857142857143,32.0,24.01,31,28,25,23
1992-06,27.333,28.125,-0.792,81.2,31.193,23.511,30,30,27,25
1992-07,27.115,27.779,-0.664,80.80645161290323,31.25,23.079,31,31,28,24
1992-08,27.903,27.921,-0.018,82.2258064516129,31.907,23.244,31,31,30,25
1992-09,27.574,27.722,-0.148,81.63333333333334,31.607,23.285,30,30,28,23
1992-10,26.728,27.519,-0.791,80.11111111111111,30.752,23.248,31,18,17,13
1992-11,26.833,27.497,-0.664,80.3,31.111,23.025,30,30,29,18
1992-12,26.631,27.401,-0.77,79.93548387096774,30.952,22.904,31,31,28,22
1993-01,26.129,27.092,-0.963,79.03225806451613,30.479,22.197,31,31,29,22
1993-02,26.528,27.118,-0.59,79.75,30.628,22.745,28,28,23,17
1993-03,27.352,27.622,-0.27,81.23333333333333,31.605,23.021,31,30,27,16
1993-04,27.852,28.346,-0.494,82.13333333333334,32.183,23.737,30,30,28,22
1993-05,27.778,28.55,-0.772,82.0,31.845,24.495,31,31,28,22
1993-06,28.148,28.125,0.023,82.66666666666667,32.381,24.074,30,30,28,18
1993-07,27.0,27.779,-0.779,80.6,31.065,23.778,31,30,24,20
1993-08,27.993,27.921,0.072,82.38709677419355,32.202,23.561,31,31,28,22
1993-09,27.0,27.722,-0.722,80.6,31.329,23.278,30,30,23,20
1993-10,26.953,27.519,-0.566,80.51612903225806,31.132,23.457,31,31,27,18
1993-11,27.278,27.497,-0.219,81.1,31.389,23.497,30,30,24,17
1993-12,26.685,27.401,-0.716,80.03225806451613,30.536,23.599,31,31,29,23
1994-01,27.05,27.092,-0.042,80.6896551724138,31.405,22.963,31,29,17,12
1994-02,26.914,27.118,-0.204,80.44444444444444,31.356,22.972,28,27,25,20
1994-03,26.648,27.622,-0.974,79.96666666666667,30.822,23.426,31,30,25,18
1994-04,27.315,28.346,-1.031,81.16666666666667,31.746,23.651,30,30,28,28
1994-05,27.796,28.55,-0.754,82.03225806451613,32.395,23.911,31,31,29,25
1994-06,27.407,28.125,-0.718,81.33333333333333,31.831,23.502,30,30,27,23
1994-07,27.76,27.779,-0.019,81.96774193548387,32.5,23.965,31,31,30,22
1994-08,27.509,27.921,-0.412,81.51612903225806,31.667,23.067,31,31,29,25
1994-09,27.682,27.722,-0.04,81.82758620689656,31.8,23.333,30,29,25,24
1994-10,27.043,27.519,-0.476,80.6774193548387,31.564,23.12,31,31,27,26
1994-11,27.296,27.497,-0.201,81.13333333333334,31.79,23.403,30,30,27,24
1994-12,27.043,27.401,-0.358,80.6774193548387,31.075,23.333,31,31,31,27
1995-01,26.667,27.092,-0.425,80.0,31.019,22.778,31,31,30,23
1995-02,27.037,27.118,-0.081,80.66666666666667,31.644,23.194,28,27,25,20
1995-03,27.384,27.622,-0.238,81.29032258064517,31.726,23.677,31,31,28,21
1995-04,28.315,28.346,-0.031,82.96666666666667,32.421,24.233,30,30,28,21
1995-05,28.1,28.55,-0.45,82.58064516129032,32.387,24.111,31,31,27,20
1995-06,27.816,28.125,-0.309,82.06896551724138,32.222,23.965,30,29,27,22
1995-07,27.204,27.779,-0.575,80.96774193548387,31.687,23.624,31,31,27,21
1995-08,27.204,27.921,-0.717,80.96774193548387,31.647,23.977,31,31,28,19
1995-09,27.426,27.722,-0.296,81.36666666666666,31.885,24.097,30,30,28,24
1995-10,27.437,27.519,-0.082,81.38709677419355,31.349,23.913,31,31,28,23
1995-11,26.963,27.497,-0.534,80.53333333333333,31.475,23.73,30,30,29,21
1995-12,26.72,27.401,-0.681,80.09677419354838,30.632,23.696,31,31,29,23
1996-01,26.057,27.092,-1.035,78.90322580645162,29.938,23.116,31,31,27,23
1996-02,26.36,27.118,-0.758,79.44827586206897,29.868,22.854,29,29,21,22
1996-03,27.401,27.622,-0.221,81.3225806451613,31.31,23.419,31,31,28,26
1996-04,27.852,28.346,-0.494,82.13333333333334,32.375,23.727,30,30,29,24
1996-05,28.047,28.55,-0.503,82.48387096774194,32.407,23.8,31,31,27,25
1996-06,27.389,28.125,-0.736,81.3,32.14,23.783,30,30,27,21
1996-07,27.939,27.779,0.16,82.29032258064517,32.471,24.058,31,31,29,23
1996-08,27.337,27.921,-0.584,81.20689655172414,31.944,23.725,31,29,26,17
1996-09,27.667,27.722,-0.055,81.8,32.019,23.889,30,30,30,17
1996-10,26.989,27.519,-0.53,80.58064516129032,31.609,24.091,31,31,29,22
1996-11,26.907,27.497,-0.59,80.43333333333334,30.87,23.485,30,30,30,22
1996-12,26.47,27.401,-0.931,79.64516129032258,31.152,23.086,31,31,27,18
1997-01,26.505,27.092,-0.587,79.70967741935483,31.13,22.755,31,31,29,24
1997-02,26.27,27.118,-0.848,79.28571428571429,30.238,23.45,28,28,28,19
1997-03,27.867,27.622,0.245,82.16129032258064,31.885,23.43,31,31,28,23
1997-04,28.13,28.346,-0.216,82.63333333333334,32.126,24.472,30,30,29,20
1997-05,28.1,28.55,-0.45,82.58064516129032,31.992,24.268,31,31,29,22
1997-06,28.436,28.125,0.311,83.18518518518519,32.756,24.278,30,27,26,20
1997-07,27.366,27.779,-0.413,81.25806451612904,31.762,23.995,31,31,29,21
1997-08,28.53,27.921,0.609,83.35483870967742,32.682,24.55,31,31,29,21
1997-09,27.741,27.722,0.019,81.93333333333334,32.262,24.211,30,30,28,19
1997-10,27.204,27.519,-0.315,80.96774193548387,31.897,23.725,31,31,29,17
1997-11,27.389,27.497,-0.108,81.3,32.265,23.704,30,30,26,21
1997-12,27.814,27.401,0.413,82.06451612903226,32.222,23.977,31,31,27,19
1998-01,27.384,27.092,0.292,81.29032258064517,31.944,23.25,31,31,26,20
1998-02,27.956,27.118,0.838,82.32142857142857,32.488,23.571,28,28,23,21
1998-03,29.104,27.622,1.482,84.38709677419355,33.793,24.398,31,31,29,24
1998-04,29.222,28.346,0.876,84.6,33.457,25.278,30,30,27,20
1998-05,30.072,28.55,1.522,86.12903225806451,34.167,26.313,31,31,30,22
1998-06,28.278,28.125,0.153,82.9,32.95,24.883,30,30,29,19
1998-07,27.296,27.779,-0.483,81.13333333333334,32.004,24.222,31,30,28,20
1998-08,27.5,27.921,-0.421,81.5,32.083,24.097,31,12,8,8
1998-09,27.037,27.722,-0.685,80.66666666666667,32.778,,30,3,2,0
1998-10,28.056,27.519,0.537,82.5,31.389,23.889,31,2,2,1
1998-11,26.667,27.497,-0.83,80.0,32.222,,30,1,1,0
1998-12,26.528,27.401,-0.873,79.75,31.25,23.611,31,8,4,4
1999-01,26.796,27.092,-0.296,80.23333333333333,30.711,23.667,31,30,25,15
1999-02,26.746,27.118,-0.372,80.14285714285714,30.822,23.333,28,28,25,16
1999-03,27.366,27.622,-0.256,81.25806451612904,31.689,23.889,31,31,25,21
1999-04,28.241,28.346,-0.105,82.83333333333333,32.556,24.314,30,30,20,17
1999-05,27.348,28.55,-1.202,81.2258064516129,32.006,23.785,31,31,18,16
1999-06,28.111,28.125,-0.014,82.6,32.174,23.854,30,30,23,16
1999-07,27.814,27.779,0.035,82.06451612903226,32.172,23.611,31,31,22,16
1999-08,27.491,27.921,-0.43,81.48387096774194,31.759,23.791,31,31,18,17
1999-09,27.648,27.722,-0.074,81.76666666666667,32.135,23.457,30,30,19,18
1999-10,27.258,27.519,-0.261,81.06451612903226,31.528,23.693,31,31,20,17
1999-11,27.333,27.497,-0.164,81.2,31.694,23.361,30,30,20,20
1999-12,27.389,27.401,-0.012,81.3,31.607,24.035,31,30,28,19
2000-01,26.577,27.092,-0.515,79.83870967741936,31.029,23.386,31,31,27,21
2000-02,26.398,27.118,-0.72,79.51724137931035,30.983,23.389,29,29,26,20
2000-03,26.981,27.622,-0.641,80.56666666666666,31.756,23.586,31,30,25,22
2000-04,27.37,28.346,-0.976,81.26666666666667,31.843,23.704,30,30,22,18
2000-05,28.333,28.55,-0.217,83.0,32.778,24.181,31,31,26,19
2000-06,27.241,28.125,-0.884,81.03333333333333,31.343,23.819,30,30,24,16
2000-07,28.333,27.779,0.554,83.0,32.803,24.097,31,31,22,16
2000-08,27.151,27.921,-0.77,80.87096774193549,31.932,23.758,31,31,23,17
2000-09,27.667,27.722,-0.055,81.8,32.523,23.772,30,30,24,19
2000-10,27.33,27.519,-0.189,81.19354838709677,31.352,24.152,31,31,30,19
2000-11,27.111,27.497,-0.386,80.8,31.62,23.639,30,30,24,20
2000-12,27.133,27.401,-0.268,80.83870967741936,31.333,23.815,31,31,25,15
2001-01,26.9,27.092,-0.192,80.41935483870968,31.402,23.639,31,31,21,20
2001-02,27.103,27.118,-0.015,80.78571428571429,31.083,23.333,28,28,20,16
2001-03,27.025,27.622,-0.597,80.64516129032258,31.639,23.611,31,31,20,18
2001-04,27.741,28.346,-0.605,81.93333333333334,32.513,24.198,30,30,21,18
2001-05,28.172,28.55,-0.378,82.70967741935483,32.911,24.383,31,31,25,18
2001-06,27.111,28.125,-1.014,80.8,31.528,23.655,30,30,24,19
2001-07,27.957,27.779,0.178,82.3225806451613,32.593,23.413,31,31,21,21
2001-08,27.76,27.921,-0.161,81.96774193548387,31.806,24.118,31,31,24,17
2001-09,27.13,27.722,-0.592,80.83333333333333,32.354,23.549,30,30,21,18
2001-10,26.81,27.519,-0.709,80.25806451612904,31.063,23.45,31,31,23,19
2001-11,26.87,27.497,-0.627,80.36666666666666,30.823,23.693,30,30,27,17
2001-12,26.505,27.401,-0.896,79.70967741935483,31.465,22.944,31,31,22,20
2002-01,26.362,27.092,-0.73,79.45161290322581,30.667,22.46,31,31,25,21
2002-02,26.607,27.118,-0.511,79.89285714285714,30.966,22.817,28,28,23,14
2002-03,27.616,27.622,-0.006,81.70967741935483,32.222,23.333,31,31,24,20
2002-04,28.241,28.346,-0.105,82.83333333333333,33.264,24.127,30,30,24,21
2002-05,28.387,28.55,-0.163,83.09677419354838,33.194,24.444,31,31,24,19
2002-06,27.685,28.125,-0.44,81.83333333333333,32.222,23.806,30,30,19,20
2002-07,28.226,27.779,0.447,82.80645161290323,32.328,24.198,31,31,21,18
2002-08,27.581,27.921,-0.34,81.64516129032258,31.914,23.333,31,31,18,17
2002-09,27.278,27.722,-0.444,81.1,31.926,23.301,30,30,15,17
2002-10,27.151,27.519,-0.368,80.87096774193549,31.988,23.488,31,31,19,18
2002-11,27.13,27.497,-0.367,80.83333333333333,31.979,23.567,30,30,16,19
2002-12,27.76,27.401,0.359,81.96774193548387,32.743,23.364,31,31,16,18
2003-01,27.061,27.092,-0.031,80.70967741935483,31.562,22.926,31,31,16,15
2003-02,27.123,27.118,0.005,80.82142857142857,31.444,23.301,28,28,15,17
2003-03,27.258,27.622,-0.364,81.06451612903226,32.288,23.426,31,31,17,18
2003-04,28.722,28.346,0.376,83.7,33.765,24.352,30,30,18,18
2003-05,28.154,28.55,-0.396,82.6774193548387,32.253,24.306,31,31,18,16
2003-06,27.593,28.125,-0.532,81.66666666666667,32.222,23.772,30,30,15,19
2003-07,27.276,27.779,-0.503,81.09677419354838,31.825,23.576,31,31,21,16
2003-08,27.778,27.921,-0.143,82.0,32.449,23.824,31,31,22,17
2003-09,27.433,27.722,-0.289,81.37931034482759,31.842,23.576,30,29,19,16
2003-10,26.953,27.519,-0.566,80.51612903225806,31.287,23.73,31,31,19,21
2003-11,27.185,27.497,-0.312,80.93333333333334,32.281,23.58,30,30,19,18
2003-12,26.559,27.401,-0.842,79.80645161290323,30.556,23.472,31,31,12,20
2004-01,26.9,27.092,-0.192,80.41935483870968,31.333,23.593,31,31,15,15
2004-02,26.801,27.118,-0.317,80.24137931034483,31.508,22.778,29,29,14,17
2004-03,27.616,27.622,-0.006,81.70967741935483,32.573,23.801,31,31,19,19
2004-04,28.556,28.346,0.21,83.4,33.472,24.405,30,30,12,14
2004-05,27.634,28.55,-0.916,81.74193548387096,31.901,24.074,31,31,19,15
2004-06,27.796,28.125,-0.329,82.03333333333333,32.222,23.849,30,30,15,14
2004-07,26.935,27.779,-0.844,80.48387096774194,31.865,23.333,31,31,14,18
2004-08,27.867,27.921,-0.054,82.16129032258064,32.157,23.827,31,31,17,18
2004-09,26.852,27.722,-0.87,80.33333333333333,31.875,23.214,30,30,16,14
2004-10,26.918,27.519,-0.601,80.45161290322581,30.972,23.472,31,31,16,20
2004-11,27.019,27.497,-0.478,80.63333333333334,32.164,23.056,30,30,19,16
2004-12,26.9,27.401,-0.501,80.41935483870968,31.503,23.333,31,31,17,15
2005-01,26.434,27.092,-0.658,79.58064516129032,31.068,22.528,31,31,13,20
2005-02,27.48,27.118,0.362,81.46428571428571,31.944,23.532,28,28,14,14
2005-03,27.455,27.622,-0.167,81.41935483870968,31.905,23.583,31,31,14,20
2005-04,28.407,28.346,0.061,83.13333333333334,33.308,24.222,30,30,22,15
2005-05,28.1,28.55,-0.45,82.58064516129032,33.037,24.346,31,31,15,17
2005-06,28.037,28.125,-0.088,82.46666666666667,33.019,24.259,30,30,23,18
2005-07,27.455,27.779,-0.324,81.41935483870968,32.367,23.464,31,31,23,17
2005-08,27.67,27.921,-0.251,81.80645161290323,32.593,23.83,31,31,21,19
2005-09,27.704,27.722,-0.018,81.86666666666666,31.995,23.667,30,30,22,15
2005-10,27.33,27.519,-0.189,81.19354838709677,32.431,23.704,31,31,24,15
2005-11,26.926,27.497,-0.571,80.46666666666667,31.438,23.565,30,30,17,12
2005-12,26.774,27.401,-0.627,80.19354838709677,31.212,23.549,31,31,11,18
2006-01,26.971,27.092,-0.121,80.54838709677419,31.667,23.562,31,31,20,17
2006-02,27.044,27.118,-0.074,80.67857142857143,31.611,23.704,28,28,20,21
2006-03,27.294,27.622,-0.328,81.12903225806451,31.715,23.596,31,31,23,19
2006-04,27.426,28.346,-0.92,81.36666666666666,32.576,23.259,30,30,22,15
2006-05,27.581,28.55,-0.969,81.64516129032258,32.674,23.846,31,31,16,13
2006-06,27.093,28.125,-1.032,80.76666666666667,32.028,23.576,30,30,20,16
2006-07,28.082,27.779,0.303,82.54838709677419,32.81,24.248,31,31,17,17
2006-08,27.634,27.921,-0.287,81.74193548387096,32.619,23.681,31,31,21,16
2006-09,27.056,27.722,-0.666,80.7,31.667,23.368,30,30,22,16
2006-10,27.007,27.519,-0.512,80.61290322580645,31.869,23.444,31,31,22,15
2006-11,27.685,27.497,0.188,81.83333333333333,32.937,23.715,30,30,14,16
2006-12,27.563,27.401,0.162,81.61290322580645,32.585,23.889,31,31,23,19
2007-01,26.774,27.092,-0.318,80.19354838709677,30.972,23.646,31,31,20,16
2007-02,27.083,27.118,-0.035,80.75,31.889,23.519,28,28,20,12
2007-03,27.437,27.622,-0.185,81.38709677419355,32.2,23.366,31,31,25,17
2007-04,28.111,28.346,-0.235,82.6,32.806,24.132,30,30,20,16
2007-05,28.226,28.55,-0.324,82.80645161290323,33.403,24.506,31,31,24,18
2007-06,27.759,28.125,-0.366,81.96666666666667,32.778,24.375,30,30,20,16
2007-07,27.366,27.779,-0.413,81.25806451612904,32.116,23.542,31,31,21,16
2007-08,27.401,27.921,-0.52,81.3225806451613,32.02,23.333,31,31,22,16
2007-09,27.278,27.722,-0.444,81.1,31.587,23.507,30,30,21,16
2007-10,27.473,27.519,-0.046,81.45161290322581,31.944,23.77,31,31,22,14
2007-11,26.685,27.497,-0.812,80.03333333333333,30.386,23.693,30,30,23,17
2007-12,26.989,27.401,-0.412,80.58064516129032,31.401,23.426,31,31,23,18
2008-01,26.953,27.092,-0.139,80.51612903225806,31.715,23.532,31,31,23,14
2008-02,26.092,27.118,-1.026,78.96551724137932,29.524,23.021,29,29,21,16
2008-03,26.541,27.622,-1.081,79.7741935483871,31.0,23.426,31,31,25,18
2008-04,27.519,28.346,-0.827,81.53333333333333,32.249,23.741,30,30,21,15
2008-05,27.634,28.55,-0.916,81.74193548387096,32.381,23.981,31,31,14,18
2008-06,27.426,28.125,-0.699,81.36666666666666,32.424,23.75,30,30,22,16
2008-07,27.294,27.779,-0.485,81.12903225806451,31.852,23.856,31,31,24,17
2008-08,27.545,27.921,-0.376,81.58064516129032,32.667,23.519,31,31,20,15
2008-09,27.574,27.722,-0.148,81.63333333333334,32.579,23.675,30,30,14,13
2008-10,27.061,27.519,-0.458,80.70967741935483,31.812,23.69,31,31,23,14
2008-11,27.352,27.497,-0.145,81.23333333333333,32.115,24.123,30,30,26,19
2008-12,27.437,27.401,0.036,81.38709677419355,32.045,24.074,31,31,22,18
2009-01,26.577,27.092,-0.515,79.83870967741936,31.162,23.556,31,31,22,20
2009-02,26.885,27.118,-0.233,80.39285714285714,31.181,23.556,28,28,24,15
2009-03,27.222,27.622,-0.4,81.0,32.106,23.497,31,31,24,17
2009-04,28.204,28.346,-0.142,82.76666666666667,32.54,24.222,30,30,28,15
2009-05,28.351,28.55,-0.199,83.03225806451613,33.157,24.141,31,31,22,11
2009-06,28.574,28.125,0.449,83.43333333333334,32.803,24.359,30,30,22,13
2009-07,27.437,27.779,-0.342,81.38709677419355,31.833,23.438,31,31,20,16
2009-08,28.333,27.921,0.412,83.0,32.607,24.306,31,31,26,16
2009-09,28.074,27.722,0.352,82.53333333333333,32.292,24.281,30,30,24,17
2009-10,27.652,27.519,0.133,81.7741935483871,32.281,23.73,31,31,19,14
2009-11,27.685,27.497,0.188,81.83333333333333,32.521,24.008,30,30,26,14
2009-12,27.545,27.401,0.144,81.58064516129032,32.124,23.977,31,31,17,19
2010-01,27.007,27.092,-0.085,80.61290322580645,31.449,23.778,31,31,23,15
2010-02,27.778,27.118,0.66,82.0,32.2,23.576,28,28,25,16
2010-03,28.548,27.622,0.926,83.38709677419355,32.953,24.444,31,31,19,21
2010-04,28.463,28.346,0.117,83.23333333333333,32.989,24.757,30,30,21,16
2010-05,28.548,28.55,-0.002,83.38709677419355,33.355,25.065,31,31,26,17
2010-06,27.704,28.125,-0.421,81.86666666666666,32.879,24.12,30,30,22,12
2010-07,27.115,27.779,-0.664,80.80645161290323,32.201,23.715,31,31,26,16
2010-08,27.67,27.921,-0.251,81.80645161290323,32.438,24.097,31,31,18,16
2010-09,27.481,27.722,-0.241,81.46666666666667,32.156,24.085,30,30,25,17
2010-10,27.616,27.519,0.097,81.70967741935483,32.156,24.043,31,31,25,18
2010-11,27.407,27.497,-0.09,81.33333333333333,31.961,23.75,30,30,17,12
2010-12,26.846,27.401,-0.555,80.3225806451613,31.759,23.542,31,31,24,16
2011-01,26.523,27.092,-0.569,79.74193548387096,31.026,23.426,31,31,26,18
2011-02,26.349,27.118,-0.769,79.42857142857143,30.556,23.333,28,28,18,17
2011-03,26.344,27.622,-1.278,79.41935483870968,31.058,23.431,31,31,21,17
2011-04,27.407,28.346,-0.939,81.33333333333333,32.026,23.924,30,30,17,16
2011-05,28.315,28.55,-0.235,82.96774193548387,33.016,24.804,31,31,21,17
2011-06,27.907,28.125,-0.218,82.23333333333333,32.475,24.722,30,30,22,16
2011-07,27.867,27.779,0.088,82.16129032258064,32.755,23.92,31,31,24,18
2011-08,28.118,27.921,0.197,82.61290322580645,32.933,23.993,31,31,25,16
2011-09,28.037,27.722,0.315,82.46666666666667,33.056,23.59,30,30,22,13
2011-10,27.885,27.519,0.366,82.19354838709677,33.246,24.074,31,31,19,18
2011-11,27.926,27.497,0.429,82.26666666666667,32.923,24.271,30,30,23,16
2011-12,27.348,27.401,-0.053,81.2258064516129,31.644,24.281,31,31,25,17
2012-01,27.258,27.092,0.166,81.06451612903226,32.0,23.785,31,31,20,16
2012-02,27.261,27.118,0.143,81.06896551724138,32.15,23.646,29,29,23,16
2012-03,27.688,27.622,0.066,81.83870967741936,32.51,24.085,31,31,27,17
2012-04,27.685,28.346,-0.661,81.83333333333333,32.894,23.889,30,30,24,17
2012-05,28.369,28.55,-0.181,83.06451612903226,33.333,24.188,31,31,17,13
2012-06,28.074,28.125,-0.051,82.53333333333333,32.812,23.922,30,30,16,17
2012-07,27.437,27.779,-0.342,81.38709677419355,31.944,23.735,31,31,20,18
2012-08,28.208,27.921,0.287,82.7741935483871,32.826,24.15,31,31,23,17
2012-09,27.481,27.722,-0.241,81.46666666666667,32.271,23.626,30,30,23,19
2012-10,27.276,27.519,-0.243,81.09677419354838,31.995,23.725,31,31,22,17
2012-11,27.278,27.497,-0.219,81.1,32.011,23.951,30,30,21,18
2012-12,27.545,27.401,0.144,81.58064516129032,31.988,23.929,31,31,19,14
2013-01,27.115,27.092,0.023,80.80645161290323,31.212,23.854,31,31,22,16
2013-02,27.242,27.118,0.124,81.03571428571429,31.717,23.472,28,28,22,16
2013-03,28.226,27.622,0.604,82.80645161290323,32.593,24.333,31,31,21,20
2013-04,28.056,28.346,-0.29,82.5,33.222,24.286,30,30,25,14
2013-05,27.975,28.55,-0.575,82.35483870967742,32.982,24.477,31,31,19,17
2013-06,28.537,28.125,0.412,83.36666666666666,33.409,24.739,30,30,22,17
2013-07,27.599,27.779,-0.18,81.6774193548387,33.403,23.627,31,31,8,17
2013-08,27.76,27.921,-0.161,81.96774193548387,,23.758,31,31,0,17
2013-09,27.63,27.722,-0.092,81.73333333333333,,23.926,30,30,0,15
2013-10,26.738,27.519,-0.781,80.12903225806451,,23.16,31,31,0,16
2013-11,27.019,27.497,-0.478,80.63333333333334,,23.472,30,30,0,16
2013-12,27.025,27.401,-0.376,80.64516129032258,,23.542,31,31,0,16
2014-01,25.699,27.092,-1.393,78.25806451612904,,22.469,31,31,0,18
2014-02,26.488,27.118,-0.63,79.67857142857143,,22.451,28,28,0,17
2014-03,27.401,27.622,-0.221,81.3225806451613,,23.457,31,31,0,18
2014-04,28.519,28.346,0.173,83.33333333333333,,24.503,30,30,0,19
2014-05,28.674,28.55,0.124,83.61290322580645,,25.079,31,31,0,21
2014-06,28.833,28.125,0.708,83.9,,24.826,30,30,0,16
2014-07,28.351,27.779,0.572,83.03225806451613,,24.37,31,31,0,15
2014-08,27.437,27.921,-0.484,81.38709677419355,,23.667,31,31,0,15
2014-09,28.093,27.722,0.371,82.56666666666666,31.667,23.963,30,30,1,15
2014-10,27.24,27.519,-0.279,81.03225806451613,,23.452,31,31,0,14
2014-11,27.852,27.497,0.355,82.13333333333334,,24.359,30,30,0,13
2014-12,27.204,27.401,-0.197,80.96774193548387,,23.611,31,31,0,14
2015-01,27.061,27.092,-0.031,80.70967741935483,,23.993,31,31,0,16
2015-02,27.242,27.118,0.124,81.03571428571429,,23.542,28,28,0,16
2015-03,27.903,27.622,0.281,82.2258064516129,32.222,23.333,31,31,4,6
2015-04,28.593,28.346,0.247,83.46666666666667,33.444,24.747,30,30,10,11
2015-05,29.319,28.55,0.769,84.7741935483871,34.735,25.327,31,31,21,17
2015-06,28.796,28.125,0.671,83.83333333333333,34.074,24.563,30,30,18,14
2015-07,28.53,27.779,0.751,83.35483870967742,32.937,24.593,31,31,21,15
2015-08,27.796,27.921,-0.125,82.03225806451613,32.092,23.889,31,31,17,20
2015-09,28.333,27.722,0.611,83.0,32.809,24.532,30,30,18,19
2015-10,27.939,27.519,0.42,82.29032258064517,32.593,24.321,31,31,24,18
2015-11,27.796,27.497,0.299,82.03333333333333,32.469,24.321,30,30,18,18
2015-12,28.208,27.401,0.807,82.7741935483871,32.421,24.236,31,31,14,16
2016-01,28.315,27.092,1.223,82.96774193548387,32.449,24.55,31,31,22,21
2016-02,28.218,27.118,1.1,82.79310344827586,32.011,24.321,29,29,21,18
2016-03,28.62,27.622,0.998,83.51612903225806,33.025,24.931,31,31,18,16
2016-04,29.333,28.346,0.987,84.8,34.392,25.327,30,30,21,17
2016-05,29.229,28.55,0.679,84.61290322580645,34.806,25.437,31,31,20,14
2016-06,28.13,28.125,0.005,82.63333333333334,33.307,24.052,30,30,21,17
2016-07,27.885,27.779,0.106,82.19354838709677,33.583,23.889,31,31,20,15
2016-08,28.62,27.921,0.699,83.51612903225806,33.175,24.201,31,31,14,16
2016-09,27.648,27.722,-0.074,81.76666666666667,32.421,24.105,30,30,14,18
2016-10,27.867,27.519,0.348,82.16129032258064,32.972,24.152,31,31,20,19
2016-11,27.759,27.497,0.262,81.96666666666667,32.185,24.246,30,30,15,14
2016-12,27.814,27.401,0.413,82.06451612903226,32.865,24.017,31,31,19,13
2017-01,27.616,27.092,0.524,81.70967741935483,32.255,23.827,31,31,17,18
2017-02,27.282,27.118,0.164,81.10714285714286,31.88,22.949,28,28,13,13
2017-03,27.455,27.622,-0.167,81.41935483870968,31.833,23.646,31,31,20,16
2017-04,28.074,28.346,-0.272,82.53333333333333,32.148,24.649,30,30,15,19
2017-05,28.172,28.55,-0.378,82.70967741935483,,24.325,31,31,0,14
2017-06,27.907,28.125,-0.218,82.23333333333333,,24.028,30,30,0,16
2017-07,27.939,27.779,0.16,82.29032258064517,,23.854,31,31,0,16
2017-08,27.849,27.921,-0.072,82.12903225806451,,24.306,31,31,0,12
2017-09,27.741,27.722,0.019,81.93333333333334,,24.167,30,30,0,12
2017-10,27.509,27.519,-0.01,81.51612903225806,,23.987,31,31,0,17
2017-11,27.556,27.497,0.059,81.6,32.778,24.052,30,30,1,17
2017-12,26.72,27.401,-0.681,80.09677419354838,,23.632,31,31,0,13
2018-01,26.918,27.092,-0.174,80.45161290322581,,23.542,31,31,0,16
2018-02,26.548,27.118,-0.57,79.78571428571429,,23.17,28,28,0,17
2018-03,27.384,27.622,-0.238,81.29032258064517,,23.611,31,31,0,12
2018-04,28.537,28.346,0.191,83.36666666666666,,24.375,30,30,0,16
2018-05,28.226,28.55,-0.324,82.80645161290323,,24.762,31,31,0,14
2018-06,28.481,28.125,0.356,83.26666666666667,32.778,24.444,30,30,1,17
2018-07,28.602,27.779,0.823,83.48387096774194,32.407,24.271,31,31,3,16
2018-08,28.925,27.921,1.004,84.06451612903226,,24.653,31,31,0,16
2018-09,27.796,27.722,0.074,82.03333333333333,32.963,23.788,30,30,3,11
2018-10,27.957,27.519,0.438,82.3225806451613,33.333,24.211,31,31,3,19
2018-11,28.111,27.497,0.614,82.6,,24.185,30,30,0,15
2018-12,28.136,27.401,0.735,82.64516129032258,,24.41,31,31,0,16
2019-01,27.832,27.092,0.74,82.09677419354838,,23.929,31,31,0,14
2019-02,27.837,27.118,0.719,82.10714285714286,32.222,23.125,28,28,2,16
2019-03,27.939,27.622,0.317,82.29032258064517,33.025,23.704,31,31,27,18
2019-04,29.222,28.346,0.876,84.6,34.289,25.111,30,30,25,15
2019-05,29.552,28.55,1.002,85.19354838709677,34.127,25.513,31,31,14,13
2019-06,28.426,28.125,0.301,83.16666666666667,33.111,25.171,30,30,10,13
2019-07,28.1,27.779,0.321,82.58064516129032,32.937,24.259,31,31,21,18
2019-08,28.423,27.921,0.502,83.16129032258064,32.544,24.167,31,31,19,12
2019-09,28.5,27.722,0.778,83.3,33.025,24.365,30,30,9,7
2019-10,27.599,27.519,0.08,81.6774193548387,,23.778,31,31,0,5
2019-11,27.667,27.497,0.17,81.8,,23.889,30,30,0,10
2019-12,27.348,27.401,-0.053,81.2258064516129,,24.111,31,31,0,15
2020-01,27.885,27.092,0.793,82.19354838709677,,23.693,31,31,0,17
2020-02,27.682,27.118,0.564,81.82758620689656,,23.395,29,29,0,18
2020-03,28.082,27.622,0.46,82.54838709677419,,24.087,31,31,0,14
2020-04,29.037,28.346,0.691,84.26666666666667,,24.926,30,30,0,15
2020-05,28.817,28.55,0.267,83.87096774193549,33.889,25.261,31,31,3,17
2020-06,27.389,28.125,-0.736,81.3,32.593,24.037,30,30,3,15
2020-07,26.935,27.779,-0.844,80.48387096774194,32.222,23.765,31,31,1,18
2020-08,27.706,27.921,-0.215,81.87096774193549,32.639,24.062,31,31,4,16
2020-09,27.259,27.722,-0.463,81.06666666666666,31.667,23.69,30,30,5,14
2020-10,26.882,27.519,-0.637,80.38709677419355,30.972,23.481,31,31,4,15
2020-11,27.204,27.497,-0.293,80.96666666666667,32.407,23.667,30,30,3,15
2020-12,27.151,27.401,-0.25,80.87096774193549,32.222,23.735,31,31,1,18
2021-01,26.237,27.092,-0.855,79.2258064516129,28.611,23.007,31,31,4,17
2021-02,26.533,27.118,-0.585,79.76,30.139,23.194,28,25,4,16
2021-03,27.437,27.622,-0.185,81.38709677419355,31.944,23.725,31,31,4,17
2021-04,28.148,28.346,-0.198,82.66666666666667,32.593,24.052,30,30,3,17
2021-05,28.333,28.55,-0.217,83.0,32.778,24.889,31,31,6,15
2021-06,27.944,28.125,-0.181,82.3,32.778,24.183,30,30,6,17
2021-07,27.903,27.779,0.124,82.2258064516129,32.222,23.963,31,31,1,15
2021-08,27.401,27.921,-0.52,81.3225806451613,32.407,23.958,31,31,6,16
2021-09,26.981,27.722,-0.741,80.56666666666666,32.222,23.593,30,30,1,15
2021-10,27.509,27.519,-0.01,81.51612903225806,31.111,23.932,31,31,2,13
2021-11,27.037,27.497,-0.46,80.66666666666667,32.222,23.562,30,30,6,17
2021-12,27.312,27.401,-0.089,81.16129032258064,31.389,23.926,31,31,22,15
2022-01,27.061,27.092,-0.031,80.70967741935483,31.41,23.627,31,31,26,17
2022-02,27.004,27.118,-0.114,80.60714285714286,31.515,23.333,28,28,22,16
2022-03,27.097,27.622,-0.525,80.7741935483871,31.23,23.926,31,31,14,15
2022-04,27.389,28.346,-0.957,81.3,32.521,23.627,30,30,13,17
2022-05,28.172,28.55,-0.378,82.70967741935483,32.854,24.091,31,31,22,11
2022-06,27.5,28.125,-0.625,81.5,32.116,23.963,30,30,21,15
2022-07,27.527,27.779,-0.252,81.54838709677419,32.346,23.595,31,31,18,17
2022-08,27.509,27.921,-0.412,81.51612903225806,32.249,23.632,31,31,21,13
2022-09,27.13,27.722,-0.592,80.83333333333333,31.111,23.488,30,30,16,18
2022-10,27.24,27.519,-0.279,81.03225806451613,31.389,24.008,31,31,4,14
2022-11,26.87,27.497,-0.627,80.36666666666666,31.944,23.235,30,30,2,17
2022-12,26.505,27.401,-0.896,79.70967741935483,30.069,23.056,31,31,8,12
2023-01,26.649,27.092,-0.443,79.96774193548387,31.481,23.419,31,31,9,13
2023-02,26.627,27.118,-0.491,79.92857142857143,31.759,23.194,28,28,6,16
2023-03,27.276,27.622,-0.346,81.09677419354838,31.852,23.856,31,31,9,17
2023-04,28.63,28.346,0.284,83.53333333333333,33.704,24.386,30,30,12,19
2023-05,29.104,28.55,0.554,84.38709677419355,33.535,25.048,31,31,11,23
2023-06,28.722,28.125,0.597,83.7,33.803,24.701,30,30,13,13
2023-07,27.796,27.779,0.017,82.03225806451613,32.407,24.037,31,31,6,15
2023-08,28.28,27.921,0.359,82.90322580645162,33.232,24.222,31,31,11,15
2023-09,27.852,27.722,0.13,82.13333333333334,32.778,23.815,30,30,4,15
2023-10,28.244,27.519,0.725,82.83870967741936,32.986,23.958,31,31,8,16
2023-11,27.981,27.497,0.484,82.36666666666666,33.016,24.228,30,30,7,18
2023-12,28.333,27.401,0.932,83.0,32.778,24.608,31,31,4,17
2024-01,28.172,27.092,1.08,82.70967741935483,32.222,24.365,31,31,2,14
2024-02,27.969,27.118,0.851,82.34482758620689,32.778,23.838,29,29,3,11
2024-03,28.601,27.622,0.979,83.48148148148148,32.778,24.274,31,27,3,13
2024-04,29.296,28.346,0.95,84.73333333333333,34.444,25.437,30,30,4,14
2024-05,28.889,28.55,0.339,84.0,33.681,25.621,31,30,8,17
2024-06,28.148,28.125,0.023,82.66666666666667,33.426,24.641,30,30,6,17
2024-07,28.333,27.779,0.554,83.0,32.593,24.405,31,31,6,14
2024-08,27.593,27.921,-0.328,81.66666666666667,32.167,24.132,31,30,10,16
2024-09,28.111,27.722,0.389,82.6,32.083,24.63,30,30,8,15
2024-10,27.652,27.519,0.133,81.7741935483871,33.175,24.333,31,31,7,15
2024-11,27.756,27.497,0.259,81.96153846153847,32.778,24.398,30,26,5,12
2024-12,27.759,27.401,0.358,81.96666666666667,30.694,24.379,31,30,4,17
2025-01,27.043,27.092,-0.049,80.6774193548387,30.972,23.741,31,31,4,15
2025-02,27.222,27.118,0.104,81.0,31.296,23.889,28,28,3,14
2025-03,27.491,27.622,-0.131,81.48387096774194,31.667,24.231,31,31,3,13
2025-04,27.704,28.346,-0.642,81.86666666666666,32.381,24.386,30,30,7,19
2025-05,28.495,28.55,-0.055,83.29032258064517,32.98,24.852,31,31,11,15
2025-06,28.074,28.125,-0.051,82.53333333333333,33.333,24.167,30,30,2,14
2025-07,28.548,27.779,0.769,83.38709677419355,32.847,24.074,31,31,8,15
2025-08,27.454,27.921,-0.467,81.41666666666667,32.46,23.889,24,24,7,13
