Date,T2M_West,PRCP_West,T2M_DEV_West,PRCP_DEV_West,T2M_Sarawak,PRCP_Sarawak,T2M_DEV_Sarawak,PRCP_DEV_Sarawak,T2M_Sabah,PRCP_Sabah,T2M_DEV_Sabah,PRCP_DEV_Sabah,T2M_NAT,PRCP_NAT,T2M_DEV_NAT,PRCP_DEV_NAT
2007-01,24.914259259259257,276.12796296296295,-0.1652046783625778,45.15100389863548,24.340666666666664,458.7251111111111,-0.03881871345029708,34.3115321637427,24.169615384615383,429.4223076923077,-0.054331983805667505,107.97686234817814,25.902656250000003,239.665,-0.3183744517543836,28.24148574561403
2007-02,25.166851851851852,101.50703703703704,-0.233859649122806,-31.242777777777775,24.29288888888889,326.9862222222222,-0.13812865497076032,30.260573099415126,24.204615384615387,101.93423076923077,-0.05645748987853949,-84.69769230769231,26.088541666666668,71.00390625,-0.2794298245614044,-36.99599232456141
2007-03,25.88240740740741,169.13537037037037,-0.23104288499025216,-24.433830409356716,24.770222222222223,159.41155555555554,0.03010526315789619,-133.43376608187134,24.581923076923076,164.63115384615384,-0.15615384615384897,-24.10445344129556,27.038802083333334,117.64927083333333,-0.04826480263158217,-12.775923793859675
2007-04,26.457592592592594,250.4075925925926,-0.29706627680311826,43.403596491228086,24.955333333333332,243.50400000000002,-0.1363157894736844,-31.849590643274837,25.17961538461538,136.38346153846155,-0.11661943319838386,-46.958724696356285,27.704687500000002,155.52276041666667,-0.24494517543859473,23.22980811403511
2007-05,26.48851851851852,168.7537037037037,-0.46796296296295736,-37.31399610136452,25.20866666666667,234.3617777777778,-0.14899415204678235,-22.782736842105265,25.421538461538464,201.51653846153846,-0.10623481781376043,-13.442246963562752,27.8715625,149.55348958333335,-0.5610635964912305,-9.550252192982441
2007-06,26.30537037037037,171.18759259259258,-0.16155945419103546,-8.085233918128665,24.85111111111111,348.98755555555556,-0.09432748538011637,93.04039766081871,25.105,244.37769230769229,0.09161943319838173,26.536923076923046,27.807187499999998,204.12854166666668,-0.3502741228070221,33.93997807017544
2007-07,25.82037037037037,212.7414814814815,-0.33040935672514493,39.44862573099414,24.701777777777775,329.2417777777778,-0.04574269005848208,101.07720467836262,24.470384615384617,282.0246153846154,-0.25240890688258943,51.05665991902839,27.4090625,230.98671875,-0.43060855263157904,53.00536184210526
2007-08,25.720555555555556,186.2635185185185,-0.3857309941520448,-22.551754385964927,24.592444444444446,206.49755555555555,-0.19467836257309656,-68.15890058479533,24.398846153846154,209.89576923076922,-0.413299595141698,-25.29493927125509,27.21348958333333,165.45583333333335,-0.4775904605263186,-15.744218749999987
2007-09,25.79314814814815,223.1424074074074,-0.29816764132553786,0.8425828460038929,24.635777777777776,272.8348888888889,-0.20015204678362863,12.432573099415208,24.59730769230769,264.2484615384615,-0.28176113360323995,32.14495951417004,27.207447916666666,209.04671875,-0.4268996710526345,14.78313048245613
2007-10,25.674444444444447,387.47222222222223,-0.40985380116958936,114.21359649122803,24.654222222222224,293.00377777777777,-0.1150292397660806,-27.012152046783626,24.677692307692308,298.4746153846154,-0.18429149797571043,40.468421052631584,27.034010416666664,316.81171875,-0.5506551535087709,80.41785361842105
2007-11,25.365555555555556,243.0648148148148,-0.4317446393762161,-161.25569200779725,24.10111111111111,348.7146666666667,-0.5874619883040957,-25.983169590643286,24.136153846153846,265.8123076923077,-0.6755668016194321,-6.215000000000032,26.617447916666666,206.12020833333335,-0.6465515350877169,-116.78169956140354
2007-12,24.850740740740743,295.0525925925926,-0.44425925925925824,-93.44558479532168,24.30222222222222,509.6095555555556,-0.24973099415204913,97.8798596491228,24.220384615384617,260.7965384615385,-0.39145748987854034,-41.2027935222672,26.074739583333336,298.84671875,-0.6229111842105226,-35.119002192982464
2008-01,25.150370370370368,193.4938888888889,0.07090643274853292,-37.48307017543857,24.290888888888887,330.1226666666667,-0.08859649122807411,-94.29091228070172,24.005,184.3926923076923,-0.2189473684210519,-137.05275303643725,26.01109375,166.56234375,-0.20993695175438631,-44.86117050438597
2008-02,24.81962962962963,152.7440740740741,-0.5810818713450274,19.99425925925928,23.858444444444448,324.96155555555555,-0.5725730994152016,28.235906432748493,23.845769230769232,381.4607692307692,-0.41530364372469464,194.82884615384611,25.974322916666665,128.63942708333335,-0.3936485745614071,20.63952850877193
2008-03,25.43388888888889,293.7764814814815,-0.6795614035087709,100.2072807017544,24.26955555555556,406.6428888888889,-0.47056140350876774,113.797567251462,24.208846153846157,316.9384615384615,-0.5292307692307681,128.20285425101213,26.27354166666667,200.32848958333332,-0.8135252192982456,69.90329495614031
2008-04,26.212962962962962,189.24814814814815,-0.54169590643275,-17.755847953216374,24.611555555555555,308.01,-0.4800935672514619,32.656409356725135,24.904999999999998,219.44461538461536,-0.3912348178137677,36.10242914979753,27.440572916666667,129.48614583333332,-0.5090597587719294,-2.8068064692982375
2008-05,26.18185185185185,135.37537037037038,-0.7746296296296293,-70.69232943469785,24.744888888888887,221.98355555555557,-0.6127719298245644,-35.1609590643275,24.676538461538463,212.23307692307694,-0.8512348178137614,-2.7257085020242755,27.748593749999998,122.36380208333333,-0.6840323464912323,-36.73993969298246
2008-06,25.953333333333333,187.60092592592594,-0.5135964912280713,8.32809941520469,24.544888888888888,266.224,-0.40054970760233743,10.276842105263142,24.41923076923077,252.67423076923075,-0.5941497975708501,34.833461538461506,27.543333333333333,163.53604166666668,-0.6141282894736868,-6.652521929824559
2008-07,25.53333333333333,207.13425925925927,-0.617446393762183,33.84140350877192,24.205555555555556,304.8568888888889,-0.5419649122807009,76.69231578947367,24.287692307692307,246.81807692307694,-0.4351012145748996,15.850121457489934,27.107760416666665,205.73416666666665,-0.7319106359649155,27.752809758771917
2008-08,25.76851851851852,234.02314814814815,-0.33776803118908205,25.207875243664716,24.435555555555553,340.5008888888889,-0.3515672514619901,65.844432748538,24.41846153846154,210.10807692307694,-0.3936842105263132,-25.08263157894737,27.231354166666666,189.24869791666666,-0.45972587719298375,8.048645833333325
2008-09,25.74074074074074,237.6962962962963,-0.35057504873294576,15.396471734892799,24.641333333333336,301.7075555555556,-0.19459649122806866,41.30523976608191,24.601923076923075,220.42615384615385,-0.2771457489878557,-11.677348178137635,27.325625000000002,214.28854166666667,-0.3087225877192985,20.024953399122808
2008-10,26.045185185185186,282.9922222222222,-0.03911306042884988,9.733596491228013,24.617555555555555,418.64066666666673,-0.15169590643274944,98.62473684210534,24.896538461538462,353.8438461538462,0.03455465587044415,95.83765182186238,27.407552083333332,243.010625,-0.17711348684210293,6.616759868421042
2008-11,25.705555555555552,437.0153703703704,-0.0917446393762198,32.69486354775836,24.645999999999997,376.53822222222226,-0.042573099415207594,1.8403859649122865,24.713076923076922,306.4638461538462,-0.0986437246963554,34.436538461538476,27.192864583333332,362.1596875,-0.07113486842105132,39.257779605263124
2008-12,24.90092592592593,354.5609259259259,-0.3940740740740729,-33.93725146198835,24.360444444444447,452.6653333333333,-0.19150877192982207,40.93563742690054,24.366923076923076,208.22807692307694,-0.24491902834008172,-93.77125506072875,26.29822916666667,359.86442708333334,-0.39942160087719003,25.898706140350896
2009-01,24.36962962962963,234.64962962962963,-0.7098343079922032,3.6726705653021554,23.84777777777778,704.7537777777777,-0.531707602339182,280.3401988304093,24.040384615384614,515.6980769230769,-0.183562753036437,194.25263157894733,25.5234375,227.12536458333332,-0.6975932017543869,15.701850328947359
2009-02,25.314444444444444,119.00481481481482,-0.0862670565302146,-13.74499999999999,24.177555555555557,313.13444444444445,-0.2534619883040925,16.4087953216374,24.125384615384615,362.5884615384615,-0.13568825910931182,175.95653846153843,26.03703125,94.1515625,-0.330940241228074,-13.848336074561416
2009-03,25.72277777777778,304.1190740740741,-0.39067251461988306,110.54987329434701,24.422444444444444,384.2613333333333,-0.31767251461988266,91.41601169590643,24.595384615384617,257.0853846153846,-0.14269230769230745,68.34977732793521,26.895729166666666,193.11317708333334,-0.19133771929825016,62.68798245614033
2009-04,26.337592592592593,190.0998148148148,-0.41706627680311925,-16.904181286549715,25.064666666666668,312.874,-0.026982456140348887,37.52040935672517,24.95423076923077,176.79076923076926,-0.3420040485829965,-6.551417004048574,27.753645833333334,129.2471875,-0.1959868421052633,-3.0457648026315667
2009-05,26.529999999999998,172.20148148148147,-0.42648148148148124,-33.866218323586764,25.18,199.58155555555555,-0.17766081871345207,-57.562959064327515,25.109615384615385,163.85384615384615,-0.41815789473684006,-51.10493927125506,28.045104166666665,145.04859374999998,-0.38752192982456535,-14.055148026315806
2009-06,26.42037037037037,109.29666666666668,-0.04655945419103347,-69.97615984405456,24.93422222222222,173.99977777777778,-0.011216374269004348,-81.94738011695907,24.826153846153847,137.575,-0.18722672064777157,-80.26576923076925,28.133333333333336,101.81124999999999,-0.024128289473683395,-68.37731359649125
2009-07,25.982777777777777,156.97314814814814,-0.1680019493177376,-16.319707602339207,24.48511111111111,115.23555555555556,-0.2624093567251471,-112.92901754385964,24.481153846153845,198.81192307692305,-0.2416396761133619,-32.15603238866396,27.68567708333333,167.32416666666668,-0.1539939692982486,-10.65719024122805
2009-08,26.068333333333335,224.53333333333333,-0.03795321637426596,15.718060428849896,24.89511111111111,211.39511111111113,0.10798830409356697,-63.26134502923975,24.958846153846157,191.94307692307694,0.14670040485830427,-43.24763157894736,27.652552083333333,175.27354166666666,-0.03852796052631646,-5.926510416666673
2009-09,26.105925925925927,222.24777777777777,0.014610136452240852,-0.052046783625741,25.08,161.71511111111113,0.2440701754385941,-98.68720467836255,24.873846153846156,185.55461538461537,-0.0052226720647752245,-46.54888663967611,27.659375,178.57145833333334,0.025027412280699934,-15.692129934210527
2009-10,25.942037037037036,253.43648148148148,-0.14226120857700053,-19.822144249512718,24.567777777777778,348.86199999999997,-0.20147368421052647,28.84607017543857,24.63,261.28923076923076,-0.23198380566801902,3.283036437246949,27.428802083333334,233.89302083333334,-0.15586348684210094,-2.5008442982456245
2009-11,25.587407407407408,396.8777777777778,-0.2098927875243639,-7.442729044834266,24.55088888888889,397.3406666666667,-0.13768421052631652,22.642830409356748,24.718461538461536,207.7373076923077,-0.09325910931174164,-64.29000000000002,27.093541666666667,371.98463541666666,-0.17045778508771647,49.08272752192977
2009-12,25.125185185185185,393.21333333333337,-0.16981481481481708,4.715155945419099,24.355333333333334,433.5591111111111,-0.1966198830409347,21.829415204678355,24.407307692307693,183.93115384615385,-0.20453441295546426,-118.06817813765184,26.474270833333335,305.61036458333336,-0.2233799342105236,-28.35535635964908
2010-01,25.168333333333333,166.64777777777778,0.0888693957114981,-64.3291812865497,24.220666666666666,378.3562222222222,-0.15881871345029452,-46.057356725146235,24.119615384615386,257.89153846153846,-0.10433198380566466,-63.55390688259109,26.457395833333333,150.96072916666665,0.23636513157894612,-60.46278508771931
2010-02,26.027592592592594,112.35462962962963,0.6268810916179355,-20.395185185185184,24.90711111111111,219.49755555555555,0.47609356725146057,-77.2280935672515,24.45923076923077,41.88346153846154,0.19815789473684475,-144.74846153846153,27.07557291666667,63.631458333333335,0.7076014254385967,-44.36844024122808
2010-03,26.416481481481483,192.16722222222222,0.3030311890838213,-1.4019785575048616,24.93288888888889,300.2211111111111,0.1927719298245627,7.375789473684222,24.98807692307692,95.70961538461538,0.24999999999999645,-93.02599190283402,27.57739583333333,114.40411458333334,0.4903289473684147,-16.02108004385967
2010-04,27.13203703703704,209.04814814814816,0.3773781676413286,2.044152046783637,25.32777777777778,315.35866666666664,0.23612865497076285,40.00507602339178,25.415384615384614,185.84384615384613,0.11914979757084865,2.501659919028299,28.26364583333333,130.51239583333333,0.3140131578947347,-1.780556469298233
2010-05,27.52962962962963,211.60666666666668,0.5731481481481495,5.538966861598453,25.612888888888886,306.33155555555555,0.25522807017543414,49.187040935672485,25.787307692307692,220.24269230769232,0.25953441295546753,5.283906882591111,28.862083333333334,152.35296875,0.42945723684210435,-6.750773026315784
2010-06,26.409629629629627,229.21648148148148,-0.05730019493177707,49.943654970760235,24.921777777777777,278.8451111111111,-0.023660818713448606,22.897953216374276,25.181153846153848,245.7069230769231,0.16777327935222885,27.86615384615385,28.14526041666667,206.31317708333333,-0.012201206140350251,36.124613486842094
2010-07,25.933703703703706,223.24777777777777,-0.2170760233918081,49.95492202729042,24.383333333333333,400.6128888888889,-0.3641871345029237,172.4483157894737,24.588076923076922,234.195,-0.13471659919028411,3.2270445344129826,27.592447916666668,238.64604166666666,-0.2472231359649122,60.66468475877193
2010-08,26.009814814814813,182.97166666666666,-0.09647173489278771,-25.843606237816772,24.64111111111111,439.1693333333333,-0.14601169590643437,164.51287719298244,24.782307692307693,299.46846153846155,-0.029838056680159042,64.27775303643725,27.643541666666668,182.16473958333333,-0.04753837719298204,0.9646874999999966
2010-09,26.129814814814814,216.48851851851853,0.038499025341128146,-5.811306042884979,24.592222222222226,358.8622222222222,-0.2437076023391782,98.45990643274854,24.80115384615385,260.7096153846154,-0.07791497975708239,28.606113360323917,27.66786458333333,210.37765625,0.0335169956140291,16.114067982456135
2010-10,25.936851851851852,193.07666666666665,-0.14744639376218416,-80.18195906432754,24.564444444444447,345.36333333333334,-0.20480701754385677,25.347403508771947,24.652307692307694,187.74346153846153,-0.20967611336032377,-70.26273279352228,27.623802083333334,241.40322916666665,0.039136513157899344,5.009364035087685
2010-11,25.46148148148148,384.02592592592595,-0.3358187134502906,-20.294580896686114,24.465333333333334,379.67688888888887,-0.22323976608187124,4.979052631578895,24.499615384615385,299.2823076923077,-0.31210526315789267,27.254999999999995,26.94453125,298.9856770833333,-0.3194682017543826,-23.91623081140358
2010-12,24.62851851851852,336.08314814814815,-0.6664814814814832,-52.41502923976611,24.016000000000002,339.5155555555556,-0.5359532163742671,-72.21414035087719,24.11653846153846,354.95730769230767,-0.4953036437246965,52.957975708501976,26.142083333333332,328.63244791666665,-0.555567434210527,-5.333273026315794
2011-01,24.405370370370374,314.97,-0.674093567251461,83.99304093567255,23.790444444444443,453.9575555555556,-0.5890409356725179,29.543976608187165,23.739615384615384,504.3273076923077,-0.4843319838056672,182.88186234817817,25.648229166666667,319.25755208333334,-0.57280153508772,107.83403782894737
2011-02,25.053333333333335,54.04277777777778,-0.3473781676413239,-78.70703703703703,23.999111111111112,268.4277777777778,-0.43190643274853713,-28.29787134502925,23.762307692307694,338.79192307692307,-0.4987651821862329,152.16,25.968697916666667,73.07109375,-0.39927357456140555,-34.92880482456141
2011-03,25.31814814814815,339.8594444444444,-0.7953021442495114,146.29024366471734,24.133777777777777,342.47355555555555,-0.6063391812865504,49.62823391812867,24.038846153846155,410.5792307692308,-0.6992307692307698,221.84362348178138,26.34692708333333,249.62453125000002,-0.7401398026315853,119.19933662280701
2011-04,25.976111111111113,182.91462962962962,-0.7785477582845992,-24.089366471734905,24.536444444444445,232.8651111111111,-0.5552046783625713,-42.48847953216375,24.568076923076923,300.82961538461535,-0.7281578947368423,117.48742914979752,26.9403125,114.61255208333334,-1.0093201754385959,-17.68040021929822
2011-05,26.517407407407408,173.18740740740742,-0.43907407407407106,-32.88029239766081,24.95111111111111,216.44266666666667,-0.4065497076023412,-40.7018479532164,24.887307692307694,233.43307692307692,-0.640465587044531,18.474291497975713,27.910989583333333,145.21869791666668,-0.5216365131578975,-13.885043859649102
2011-06,26.215925925925927,131.15185185185186,-0.2510038986354779,-48.120974658869386,24.74,298.42822222222225,-0.2054385964912271,42.4810643274854,24.724230769230772,253.8103846153846,-0.2891497975708468,35.969615384615366,27.830468749999998,149.48515625000002,-0.32699287280702194,-20.70340734649122
2011-07,25.965185185185184,111.72555555555556,-0.18559454191032998,-61.56730019493179,24.69777777777778,152.73777777777778,-0.04974269005847631,-75.42679532163743,24.553461538461537,133.97076923076924,-0.1693319838056695,-96.99718623481778,27.6596875,115.90828125,-0.1799835526315796,-62.073075657894734
2011-08,25.898703703703703,203.53962962962962,-0.20758284600389842,-5.27564327485382,24.61777777777778,171.09,-0.16934502923976424,-103.56645614035088,24.555384615384618,240.78923076923076,-0.25676113360323427,5.598522267206448,27.479322916666664,157.456875,-0.21175712719298545,-23.743177083333336
2011-09,25.795925925925925,212.25962962962964,-0.2953898635477614,-10.040194931773868,24.703555555555557,178.15244444444443,-0.13237426900584737,-82.24987134502925,24.735,169.44653846153844,-0.1440688259109315,-62.65696356275305,27.469583333333333,192.27567708333333,-0.1647642543859682,-1.9879111842105317
2011-10,25.657962962962962,330.31944444444446,-0.426335282651074,57.06081871345026,24.583555555555556,372.0826666666667,-0.18569590643274836,52.066736842105286,24.61423076923077,235.0096153846154,-0.2477530364372491,-22.99657894736842,27.2309375,277.16770833333334,-0.3537280701754355,40.773843201754374
2011-11,25.42,401.2764814814815,-0.37730019493177025,-3.0440253411305775,24.56688888888889,306.38444444444445,-0.12168421052631473,-68.31339181286552,24.548076923076923,283.87076923076927,-0.26364372469635455,11.843461538461554,26.971145833333335,333.83578125,-0.2928536184210486,10.933873355263131
2011-12,25.012777777777778,395.7666666666667,-0.2822222222222237,7.26848927875244,24.355555555555554,501.9711111111111,-0.19639766081871457,90.24141520467833,24.326153846153847,355.5138461538462,-0.2856882591093104,53.51451417004051,26.341302083333332,385.76276041666665,-0.356348684210527,51.79703947368421
2012-01,24.976666666666667,194.7035185185185,-0.10279727095516833,-36.27344054580897,24.25888888888889,362.6071111111111,-0.12059649122807059,-61.8064678362573,24.028846153846153,329.4003846153846,-0.1951012145748976,7.954939271255057,25.961510416666666,226.0775,-0.25952028508772074,14.653985745614023
2012-02,25.511851851851855,179.465,0.11114035087719643,46.71518518518519,24.244,346.2628888888889,-0.18701754385964975,49.537239766081825,24.1,214.09192307692305,-0.16107287449392516,27.45999999999998,26.375052083333333,122.6796875,0.007080592105261019,14.679788925438586
2012-03,25.724259259259256,232.23277777777778,-0.3891910331384061,38.6635769980507,24.37688888888889,340.79422222222223,-0.36322807017543823,47.94890058479535,24.391153846153845,227.23307692307694,-0.3469230769230798,38.49746963562754,26.899010416666666,178.18661458333335,-0.1880564692982496,47.761419956140344
2012-04,26.32462962962963,219.8614814814815,-0.43002923976608187,12.85748538011697,24.59777777777778,311.07733333333334,-0.4938713450292376,35.72374269005849,24.85923076923077,258.58384615384614,-0.43700404858299535,75.24165991902831,27.62484375,151.18375,-0.3247889254385967,18.89079769736844
2012-05,26.504814814814814,211.25277777777777,-0.45166666666666444,5.185077972709536,25.009777777777778,155.44133333333332,-0.3478830409356739,-101.70318128654975,24.982307692307693,200.0057692307692,-0.5454655870445322,-14.953016194332008,28.031875,182.72151041666666,-0.40075109649123064,23.617768640350874
2012-06,26.353888888888886,99.33611111111111,-0.11304093567251883,-79.93671539961014,24.77577777777778,156.14866666666666,-0.16966081871344585,-99.79849122807019,24.705000000000002,142.93384615384613,-0.30838056680161685,-74.9069230769231,28.006874999999997,120.80927083333334,-0.1505866228070225,-49.37929276315789
2012-07,25.727037037037036,164.97648148148147,-0.42374269005847864,-8.316374269005877,24.154222222222224,303.6933333333333,-0.593298245614033,75.52876023391812,24.271153846153844,288.0361538461538,-0.45163967611336275,57.0681983805668,27.430729166666666,182.23578124999997,-0.4089418859649143,4.254424342105239
2012-08,25.99925925925926,172.1587037037037,-0.10702729044833958,-36.65656920077973,24.604000000000003,253.93222222222224,-0.1831228070175399,-20.724233918128647,24.69538461538462,171.87923076923076,-0.1167611336032337,-63.31147773279355,27.56713541666667,143.19182291666667,-0.12394462719298005,-38.008229166666666
2012-09,25.81,214.23037037037037,-0.2813157894736875,-8.069454191033145,24.772444444444446,143.83955555555556,-0.06348538011695837,-116.56276023391811,24.447307692307692,260.3180769230769,-0.43176113360323853,28.2145748987854,27.347395833333334,180.06885416666668,-0.2869517543859672,-14.194734100877184
2012-10,25.879814814814814,224.87314814814815,-0.20448343079922182,-48.38547758284605,24.490222222222222,363.4766666666667,-0.27902923976608207,43.46073684210529,24.536923076923078,239.93807692307695,-0.3250607287449405,-18.068117408906858,27.360781250000002,200.07182291666666,-0.2238843201754328,-36.3220422149123
2012-11,25.927592592592593,300.80018518518517,0.13029239766082057,-103.52032163742689,24.535555555555554,470.3248888888889,-0.15301754385965083,95.62705263157892,24.626923076923074,368.1519230769231,-0.1847975708502041,96.12461538461537,27.125312500000003,236.63625000000002,-0.13868695175438006,-86.26565789473688
2012-12,25.393333333333334,462.72592592592594,0.09833333333333272,74.22774853801167,24.521555555555555,374.7073333333334,-0.0303976608187142,-37.02236257309937,24.638461538461538,228.3826923076923,0.02661943319838045,-73.61663967611338,26.954322916666666,394.14078125,0.25667214912280656,60.17506030701753
2013-01,25.18537037037037,185.35333333333332,0.10590643274853662,-45.62362573099415,24.389333333333333,257.762,0.009847953216372218,-166.65157894736842,24.106923076923074,292.1,-0.11702429149797666,-29.34544534412953,26.45177083333333,179.0803125,0.23074013157894413,-32.34320175438597
2013-02,25.18648148148148,270.1237037037037,-0.2142300194931792,137.3738888888889,24.49111111111111,423.96066666666667,0.0600935672514602,127.23501754385961,24.331923076923076,179.73999999999998,0.07085020242914908,-6.891923076923092,26.316197916666667,231.31984375000002,-0.05177357456140541,123.3199451754386
2013-03,26.470555555555556,106.32222222222221,0.35710526315789437,-87.24697855750487,24.89022222222222,234.79222222222222,0.15010526315789363,-58.053099415204656,25.011923076923075,118.87884615384615,0.27384615384615074,-69.85676113360324,27.544166666666666,65.06093750000001,0.45709978070174984,-65.364257127193
2013-04,26.62888888888889,192.92074074074074,-0.12576998050682064,-14.083255360623781,25.042,311.3797777777778,-0.049649122807014834,36.02618713450295,25.243846153846157,172.07769230769233,-0.05238866396760855,-11.2644939271255,28.083072916666666,152.64515624999999,0.13344024122806886,20.352203947368423
2013-05,26.73611111111111,165.37703703703704,-0.2203703703703681,-40.69066276803119,25.07933333333333,296.6793333333333,-0.278327485380121,39.53481871345025,25.265384615384615,219.71653846153848,-0.2623886639676094,4.757753036437265,28.3165625,161.74723958333334,-0.11606359649123021,2.643497807017553
2013-06,26.416296296296295,106.35648148148148,-0.05063352826510936,-72.91634502923976,25.02688888888889,120.44088888888889,0.08145029239766544,-135.50626900584797,24.940384615384616,175.01576923076922,-0.07299595141700266,-42.82500000000002,28.34692708333333,135.57130208333334,0.18946546052631064,-34.6172615131579
2013-07,25.90222222222222,148.3224074074074,-0.2485575048732933,-24.970448343079937,24.263111111111108,207.69088888888888,-0.4844093567251484,-20.47368421052633,24.341538461538462,217.75269230769229,-0.38125506072874416,-13.215263157894725,27.68546875,211.30901041666667,-0.15420230263158174,33.32765350877193
2013-08,25.840925925925927,165.1575925925926,-0.2653606237816746,-43.65768031189083,24.40377777777778,267.46799999999996,-0.3833450292397629,-7.188456140350922,24.28076923076923,280.65653846153845,-0.5313765182186216,45.46582995951414,27.52744791666667,170.53197916666667,-0.16363212719297948,-10.66807291666666
2013-09,25.823333333333334,232.70796296296297,-0.2679824561403521,10.408138401559455,24.444666666666667,285.79422222222223,-0.39126315789473765,25.391906432748556,24.651538461538458,205.2619230769231,-0.22753036437247331,-26.84157894736839,27.359322916666667,230.46177083333336,-0.27502467105263406,36.198182565789494
2013-10,25.727592592592593,293.93296296296296,-0.35670565302144297,20.674337231968764,24.40822222222222,210.18022222222223,-0.3610292397660828,-109.83570760233917,24.401538461538458,257.25615384615384,-0.4604453441295604,-0.7500404858299703,27.322812499999998,230.29078125,-0.26185307017543735,-6.103083881578954
2013-11,25.691666666666666,353.2953703703704,-0.10563352826510553,-51.02513645224167,24.365555555555556,311.41488888888887,-0.323017543859649,-63.282947368421105,24.475384615384616,290.87615384615384,-0.3363360323886617,18.848846153846125,27.052083333333332,277.91843750000004,-0.21191611842105118,-44.983470394736855
2013-12,25.029074074074074,382.9685185185185,-0.26592592592592723,-5.529658869395746,24.363777777777777,584.6777777777778,-0.18817543859649177,172.94808187134504,24.706153846153846,312.8230769230769,0.09431174089068861,10.823744939271194,26.22828125,409.9820833333333,-0.4693695175438606,76.01636239035088
2014-01,24.226666666666667,140.8612962962963,-0.8527972709551683,-90.11566276803117,23.509333333333334,388.09866666666665,-0.8701520467836268,-36.314912280701776,23.51423076923077,364.7934615384616,-0.7097165991902799,43.34801619433205,25.30395833333333,143.25270833333335,-0.9170723684210564,-68.17080592105262
2014-02,25.041481481481483,10.686481481481483,-0.35923001949317523,-122.06333333333333,24.084,117.23444444444445,-0.3470175438596499,-179.4912046783626,23.677307692307693,182.6592307692308,-0.5837651821862337,-3.9726923076922844,25.88171875,20.612395833333334,-0.4862527412280713,-87.38750274122808
2014-03,26.00925925925926,88.92796296296295,-0.10419103313840239,-104.64123781676413,24.635555555555552,155.19511111111112,-0.10456140350877519,-137.65021052631576,24.486153846153847,77.63269230769231,-0.25192307692307736,-111.10291497975709,26.891458333333333,57.373020833333335,-0.19560855263158317,-73.05217379385968
2014-04,26.95,160.6975925925926,0.19534113060428737,-46.30640350877192,24.853333333333335,211.56933333333336,-0.23831578947368115,-63.784257309941495,25.325384615384618,98.57153846153847,0.029149797570852343,-84.77064777327936,28.062812500000003,95.38270833333333,0.1131798245614064,-36.910243969298236
2014-05,27.23333333333333,225.14055555555555,0.2768518518518519,19.07285575048732,25.144666666666666,256.4168888888889,-0.21299415204678596,-0.7276257309941911,25.48730769230769,197.09730769230768,-0.04046558704453318,-17.86147773279353,28.70484375,175.72463541666664,0.27221765350876836,16.620893640350857
2014-06,26.89814814814815,131.24,0.4312183235867444,-48.032826510721236,25.28933333333333,144.41022222222222,0.34389473684210614,-111.53693567251463,25.25923076923077,164.77346153846153,0.2458502024291498,-53.06730769230771,28.555260416666666,128.03958333333333,0.39779879385964634,-42.14898026315791
2014-07,26.44111111111111,160.79944444444445,0.29033138401559455,-12.493411306042901,25.03933333333333,102.00600000000001,0.2918128654970751,-126.1585730994152,24.675769230769234,248.12769230769229,-0.047024291497972825,17.159736842105275,28.110052083333333,174.70791666666665,0.2703810307017527,-3.273440241228087
2014-08,25.967777777777776,223.33814814814815,-0.1385087719298248,14.522875243664714,24.39,358.56533333333334,-0.3971228070175421,83.90887719298246,24.659615384615385,239.37115384615385,-0.15253036437246692,4.180445344129538,27.493854166666665,211.76140625000002,-0.19722587719298446,30.56135416666669
2014-09,26.181296296296296,165.17092592592593,0.08998050682260939,-57.12889863547758,24.754222222222225,215.0088888888889,-0.08170760233917918,-45.393426900584785,24.789615384615384,186.6473076923077,-0.08945344129554655,-45.456194331983795,27.729062499999998,132.98401041666668,0.09471491228069695,-61.27957785087719
2014-10,26.19148148148148,274.05777777777774,0.10718323586744205,0.7991520467835471,24.666444444444444,281.96155555555555,-0.10280701754386001,-38.05437426900585,24.806153846153848,276.3969230769231,-0.05582995951417047,18.39072874493928,27.615416666666665,217.00583333333336,0.030751096491229646,-19.388031798245606
2014-11,25.72074074074074,388.84000000000003,-0.07655945419103105,-15.480506822612028,24.451999999999998,477.8933333333334,-0.23657309941520666,103.1954970760234,24.79423076923077,213.2926923076923,-0.017489878542509274,-58.73461538461541,27.17322916666667,311.84541666666667,-0.09077028508771434,-11.056491228070229
2014-12,25.245,557.8366666666667,-0.05000000000000071,169.33848927875243,24.44311111111111,415.3468888888889,-0.10884210526315741,3.6171929824561175,24.470384615384617,332.89076923076925,-0.14145748987854034,30.891437246963562,26.69609375,448.19104166666665,-0.001557017543859729,114.2253207236842
2015-01,24.607407407407408,124.34592592592593,-0.4720565302144273,-106.63103313840155,24.006666666666664,552.5413333333333,-0.3728187134502967,128.12775438596492,23.915,334.60615384615386,-0.30894736842105175,13.160708502024306,25.724895833333335,150.27239583333332,-0.49613486842105203,-61.151118421052644
2015-02,24.86796296296296,65.77222222222223,-0.532748538011699,-66.97759259259259,23.983999999999998,247.9148888888889,-0.4470175438596513,-48.81076023391816,23.865384615384617,58.341153846153844,-0.3956882591093098,-128.29076923076923,25.887031250000003,65.47515625,-0.480940241228069,-42.524742324561416
2015-03,25.949814814814815,117.06074074074074,-0.16363547758284724,-76.50846003898634,24.506666666666664,222.28600000000003,-0.2334502923976629,-70.55932163742685,24.35653846153846,95.43961538461538,-0.38153846153846516,-93.29599190283402,26.922708333333333,69.49333333333333,-0.16435855263158317,-60.93186129385968
2015-04,26.676296296296297,203.87925925925924,-0.0783625730994153,-3.1247368421052784,24.953555555555557,302.098,-0.1380935672514596,26.744409356725157,25.188846153846153,160.0119230769231,-0.10738866396761182,-23.330263157894734,27.853020833333332,124.51421875,-0.09661184210526486,-7.778733552631564
2015-05,26.96611111111111,150.2074074074074,0.00962962962963232,-55.86029239766083,25.116444444444443,236.11155555555555,-0.24121637426900833,-21.032959064327514,25.57038461538462,121.89038461538462,0.042611336032393865,-93.0684008097166,28.399895833333332,109.93494791666666,-0.032730263157898065,-49.16879385964913
2015-06,26.595555555555556,151.92407407407407,0.12862573099415187,-27.348752436647175,24.952666666666666,230.90133333333333,0.007228070175440138,-25.04582456140352,25.181153846153848,152.39423076923077,0.16777327935222885,-65.44653846153847,28.19604166666667,151.55614583333332,0.03858004385964975,-18.632417763157918
2015-07,26.31,117.86055555555556,0.15922027290448426,-55.432300194931784,24.94111111111111,141.58622222222223,0.19359064327485243,-86.57835087719297,25.061153846153847,157.84307692307692,0.33836032388663995,-73.12487854251009,27.891562500000003,113.9896875,0.05189144736842266,-63.99166940789473
2015-08,26.23962962962963,279.5175925925926,0.1333430799220281,70.70231968810918,24.824444444444442,181.61133333333333,0.0373216374268992,-93.04512280701755,24.912307692307692,203.82923076923078,0.10016194331983996,-31.36147773279353,27.649322916666666,220.79239583333333,-0.041757127192983745,39.59234375
2015-09,26.23925925925926,169.98,0.1479434697855737,-52.31982456140352,25.015111111111114,98.89044444444444,0.17918128654971,-161.51187134502925,25.052692307692308,148.8746153846154,0.17362348178137665,-83.22888663967609,27.735520833333336,130.87244791666666,0.10117324561403507,-63.39114035087721
2015-10,26.391481481481485,219.87962962962962,0.30718323586744845,-53.37899610136458,25.075111111111113,219.24311111111112,0.3058596491228087,-100.77281871345028,25.111923076923077,169.72307692307692,0.24993927125505877,-88.28311740890689,27.833541666666665,171.32515625,0.24887609649123021,-65.06870888157897
2015-11,26.05314814814815,372.54481481481486,0.255847953216378,-31.775692007797204,24.68022222222222,502.98822222222225,-0.008350877192984996,128.29038596491228,24.92269230769231,263.3065384615385,0.11097165991903069,-8.720769230769235,27.433177083333334,303.35833333333335,0.16917763157895038,-19.543574561403545
2015-12,25.85462962962963,282.46129629629627,0.5596296296296295,-106.036881091618,24.792222222222225,367.91355555555555,0.2402690058479564,-43.81614035087722,24.99923076923077,229.12,0.38738866396761296,-72.87933198380568,27.362968749999997,211.57552083333334,0.6653179824561377,-122.3902001096491
2016-01,26.186851851851852,157.9274074074074,1.1073879142300171,-73.04955165692007,25.052444444444443,286.0288888888889,0.6729590643274825,-138.38469005847952,24.919999999999998,94.91884615384615,0.6960526315789473,-226.5265991902834,27.469375,108.77515625000001,1.2483442982456125,-102.64835800438595
2016-02,25.757592592592594,135.0137037037037,0.3568810916179359,2.2638888888888857,24.88222222222222,401.65577777777776,0.45120467836257205,104.9301286549707,25.013846153846153,90.93576923076922,0.7527732793522262,-95.69615384615385,26.950364583333336,142.83682291666665,0.5823930921052636,34.836924342105235
2016-03,26.776111111111113,88.91925925925926,0.6626608187134515,-104.64994152046782,25.236888888888892,309.7613333333333,0.49677192982456475,16.916011695906434,25.636153846153846,58.79807692307692,0.8980769230769212,-129.9375303643725,27.55604166666667,61.41859375000001,0.46897478070175325,-69.006600877193
2016-04,27.854814814814816,112.83500000000001,1.1001559454191039,-94.16899610136451,25.615555555555556,311.03911111111114,0.5239064327485394,35.685520467836284,26.416153846153847,131.71423076923077,1.1199190283400817,-51.627955465587064,28.71796875,70.75213541666666,0.7683360745614038,-61.5408168859649
2016-05,27.630925925925926,225.52888888888887,0.6744444444444468,19.461189083820642,25.732222222222223,322.36822222222224,0.3745614035087712,65.22370760233918,26.29615384615385,177.86461538461538,0.7683805668016248,-37.094170040485835,28.936041666666668,185.97546875,0.5034155701754379,26.87172697368422
2016-06,26.44222222222222,189.40148148148148,-0.02470760233918412,10.128654970760238,24.725333333333335,275.78266666666667,-0.22010526315789036,19.835508771929824,25.008076923076924,250.485,-0.005303643724694496,32.644230769230774,28.206093749999997,197.45489583333332,0.04863212719297749,27.26633223684209
2016-07,26.240555555555556,199.81925925925927,0.0897758284600414,26.52640350877192,24.83177777777778,240.29155555555556,0.08425730994152403,12.126982456140354,24.96,233.51384615384615,0.23720647773279424,2.545890688259135,28.026666666666667,173.40114583333332,0.18699561403508724,-4.580211074561419
2016-08,26.295,158.8788888888889,0.1887134502924006,-49.93638401559454,25.087555555555557,178.52355555555556,0.3004327485380145,-96.13290058479532,24.90346153846154,204.49076923076925,0.09131578947368624,-30.69993927125506,28.067343750000003,156.21760416666666,0.3762637061403531,-24.982447916666672
2016-09,26.10925925925926,204.0775925925926,0.017943469785574706,-18.222231968810917,24.753777777777778,289.96999999999997,-0.08215204678362653,29.567684210526295,24.66576923076923,249.76615384615386,-0.21329959514170227,17.66265182186237,27.700260416666666,196.80739583333332,0.06591282894736494,2.54380756578945
2016-10,25.84166666666667,255.87574074074072,-0.24263157894736764,-17.382884990253473,24.753777777777778,324.31066666666663,-0.015473684210526528,4.294736842105237,24.681153846153848,290.5034615384615,-0.18082995951417047,32.497267206477716,27.381249999999998,257.1109895833333,-0.2034155701754372,20.71712445175436
2016-11,25.937592592592594,369.8111111111111,0.14029239766082213,-34.509395711500986,24.664444444444445,376.54022222222227,-0.024128654970759555,1.842385964912296,24.910769230769233,244.74615384615385,0.09904858299595531,-27.28115384615387,27.321614583333332,296.8918229166667,0.05761513157894882,-26.01008497807021
2016-12,25.31462962962963,406.89814814814815,0.019629629629626777,18.399970760233884,24.673111111111112,300.49199999999996,0.12115789473684302,-111.2376959064328,24.606923076923074,320.8134615384615,-0.004919028340083287,18.814129554655835,26.848593750000003,356.69296875000003,0.15094298245614368,22.72724780701759
2017-01,25.296481481481482,402.8633333333333,0.21701754385964733,171.8863742690058,24.666,349.91977777777777,0.2865146198830395,-74.49380116959065,24.291923076923077,282.2592307692308,0.06797570850202561,-39.18621457489877,26.57677083333333,279.3168229166667,0.35574013157894413,67.89330866228073
2017-02,25.36537037037037,146.89055555555555,-0.03534113060428723,14.140740740740739,24.187333333333335,384.89022222222223,-0.24368421052631462,88.16457309941518,24.013076923076923,175.71384615384613,-0.24799595141700337,-10.918076923076939,26.23875,119.41734375,-0.1292214912280727,11.417445175438587
2017-03,25.912407407407407,208.90814814814814,-0.20104288499025458,15.33894736842106,24.52711111111111,294.1286666666667,-0.21300584795321598,1.283345029239797,24.444999999999997,231.91269230769234,-0.2930769230769279,43.17708502024294,26.885781249999997,134.51036458333334,-0.20128563596491844,4.085169956140334
2017-04,26.42185185185185,237.29777777777778,-0.33280701754386044,30.29378167641326,24.953333333333337,284.8211111111111,-0.13831578947367973,9.467520467836266,25.14923076923077,254.62423076923076,-0.1470040485829962,71.28204453441293,27.755520833333335,142.41718749999998,-0.19411184210526145,10.12423519736842
2017-05,26.84351851851852,234.1314814814815,-0.11296296296296049,28.06378167641327,25.367555555555555,298.95866666666666,0.009894736842102958,41.81415204678359,25.540769230769232,228.435,0.01299595141700749,13.47621457489879,28.3203125,181.22463541666664,-0.11231359649123007,22.120893640350857
2017-06,26.538148148148146,157.4914814814815,0.0712183235867414,-21.78134502923976,24.85488888888889,261.2771111111111,-0.09054970760233516,5.329953216374236,24.763461538461538,254.75653846153847,-0.24991902834008073,36.91576923076923,28.110208333333333,143.20333333333335,-0.04725328947368723,-26.985230263157888
2017-07,26.088703703703704,176.60814814814816,-0.06207602339181051,3.315292397660812,24.790666666666667,173.5091111111111,0.04314619883041004,-54.6554619883041,24.65,191.67961538461537,-0.07279352226720803,-39.288340080971636,27.803489583333334,179.553125,-0.036181469298245617,1.571768092105259
2017-08,25.99648148148148,248.81,-0.10980506822611957,39.994727095516566,24.55377777777778,438.1051111111111,-0.2333450292397643,163.44865497076023,24.785384615384615,357.43192307692306,-0.026761133603237397,122.24121457489875,27.575781250000002,214.56041666666667,-0.11529879385964747,33.360364583333336
2017-09,26.217037037037038,274.8437037037037,0.12572124756335157,52.54387914230017,24.94022222222222,342.1391111111111,0.10429239766081722,81.73679532163743,25.02692307692308,248.6573076923077,0.14785425101214855,16.553805668016224,27.735885416666665,205.53505208333334,0.10153782894736452,11.271463815789474
2017-10,26.274074074074072,222.7462962962963,0.1897758284600357,-50.512329434697904,24.733999999999998,276.836,-0.03525146198830598,-43.179929824561384,24.78576923076923,327.3023076923077,-0.07621457489878836,69.29611336032389,27.711822916666666,233.62578125000002,0.12715734649123078,-2.7680838815789457
2017-11,25.775,483.2,-0.022300194931773376,78.87949317738793,24.744444444444444,357.99,0.05587134502923874,-16.707836257309964,24.87346153846154,248.18192307692306,0.06174089068826305,-23.84538461538466,27.241614583333334,365.9276041666667,-0.022384868421049475,43.0256962719298
2017-12,25.43925925925926,282.2244444444445,0.14425925925925753,-106.27373294346978,24.473777777777777,395.1051111111111,-0.07817543859649234,-16.624584795321653,24.569230769230767,481.6357692307692,-0.04261133603239031,179.6364372469635,26.73515625,238.63104166666668,0.03750548245614027,-95.33467927631577
2018-01,24.952962962962964,358.21740740740745,-0.126500974658871,127.24044834307998,24.325333333333337,419.3173333333333,-0.054152046783624286,-5.096245614035126,24.236153846153847,292.7692307692308,0.012206477732796372,-28.67621457489878,26.01109375,314.1176041666667,-0.20993695175438631,102.69408991228073
2018-02,25.178333333333335,86.66425925925925,-0.2223781676413239,-46.08555555555556,24.168,347.1384444444444,-0.26301754385965026,50.41279532163736,24.162307692307692,226.245,-0.09876518218623431,39.61307692307693,26.08609375,68.01322916666668,-0.2818777412280724,-39.98666940789474
2018-03,26.17037037037037,165.235,0.05692007797270904,-28.33420077972707,24.595777777777776,329.7688888888889,-0.14433918128655066,36.92356725146203,24.77269230769231,222.82692307692307,0.03461538461538538,34.09131578947367,27.060364583333335,98.47630208333334,-0.026702302631580466,-31.94889254385967
2018-04,26.634074074074075,167.8090740740741,-0.12058479532163702,-39.19492202729043,25.008444444444443,363.79644444444443,-0.0832046783625735,88.44285380116958,25.20384615384615,246.89615384615385,-0.0923886639676148,63.55396761133602,27.674843749999997,112.94072916666666,-0.27478892543859956,-19.352223135964906
2018-05,26.892592592592592,239.48611111111111,-0.06388888888888644,33.418411306042884,25.103333333333335,358.6335555555556,-0.2543274853801165,101.4890409356725,25.531538461538464,193.17153846153846,0.0037651821862390022,-21.78724696356275,28.221718749999997,161.33354166666666,-0.21090734649123277,2.2297998903508756
2018-06,26.227777777777778,184.0316666666667,-0.23915204678362656,4.75884015594545,24.872666666666667,276.57755555555553,-0.07277192982455816,20.630397660818687,25.003846153846155,242.65576923076924,-0.009534412955463978,24.814999999999998,28.02151041666667,165.02119791666667,-0.1359512061403514,-5.16736567982457
2018-07,25.93925925925926,155.34629629629632,-0.21152046783625522,-17.946559454191032,24.89,177.7086666666667,0.14247953216374398,-50.45590643274852,24.663076923076922,185.5046153846154,-0.059716599190284825,-45.46334008097162,27.708697916666665,155.7046875,-0.1309731359649149,-22.27666940789473
2018-08,26.007592592592594,138.67074074074074,-0.09869395711500673,-70.1445321637427,24.972,132.46733333333333,0.18487719298245864,-142.18912280701755,24.75730769230769,204.73346153846154,-0.054838056680161174,-30.457246963562767,27.644479166666667,115.96203125,-0.04660087719298289,-65.23802083333334
2018-09,25.991666666666667,214.09962962962962,-0.0996491228070191,-8.200194931773893,24.54266666666667,222.43377777777778,-0.2932631578947351,-37.9685380116959,24.63923076923077,215.67000000000002,-0.2398380566801599,-16.43350202429147,27.48901041666667,185.04536458333334,-0.14533717105263122,-9.218223684210528
2018-10,26.06074074074074,345.7211111111111,-0.023557504873295443,72.4624853801169,24.673555555555556,361.96288888888887,-0.0956959064327485,41.94695906432747,24.974615384615387,213.37230769230771,0.11263157894736864,-44.63388663967609,27.501770833333335,263.73223958333335,-0.0828947368420998,27.33837445175439
2018-11,25.921111111111113,335.1611111111111,0.12381091617934104,-69.15939571150096,24.778666666666666,379.6208888888889,0.09009356725146134,4.923052631578912,24.981923076923074,233.75153846153847,0.17020242914979633,-38.27576923076924,27.385260416666668,274.23494791666667,0.12126096491228466,-48.666959978070224
2018-12,25.704444444444444,369.3512962962963,0.4094444444444427,-19.146881091617956,24.593555555555557,398.58733333333333,0.04160233918128853,-13.142362573099433,24.781153846153845,245.8830769230769,0.1693117408906879,-56.116255060728776,27.17197916666667,299.60442708333335,0.4743283991228111,-34.361293859649095
2019-01,25.50351851851852,170.29907407407407,0.4240545808966836,-60.6778849902534,24.69777777777778,328.02955555555553,0.3182923976608194,-96.38402339181289,24.31692307692308,259.75807692307694,0.09297570850202774,-61.68736842105261,26.8496875,157.81036458333332,0.6286567982456148,-53.61314967105264
2019-02,25.83555555555556,80.56851851851852,0.4348440545808998,-52.181296296296296,24.705333333333332,274.71933333333334,0.2743157894736825,-22.006315789473717,24.314230769230768,32.237692307692306,0.05315789473684163,-154.39423076923077,26.924374999999998,57.05848958333333,0.5564035087719255,-50.94140899122808
2019-03,26.5287037037037,96.45351851851852,0.41525341130603977,-97.11568226120856,24.894222222222222,166.80955555555556,0.15410526315789497,-126.03576608187132,24.577692307692306,155.4523076923077,-0.16038461538461846,-33.2832995951417,27.48609375,53.412031250000005,0.3990268640350827,-77.013163377193
2019-04,27.345185185185187,168.80314814814815,0.5905263157894751,-38.20084795321637,25.415555555555557,282.29133333333334,0.32390643274854014,6.937742690058485,25.663846153846155,107.39038461538462,0.3676113360323896,-75.95180161943321,28.38291666666667,108.60255208333332,0.43328399122807326,-23.69040021929824
2019-05,27.098888888888887,195.4922222222222,0.14240740740740776,-10.57547758284602,25.58511111111111,165.0088888888889,0.22745029239765913,-92.13562573099418,25.77423076923077,222.48653846153846,0.24645748987854432,7.527753036437247,28.673437500000002,133.35166666666666,0.24081140350877206,-25.752075109649127
2019-06,26.687592592592594,239.03666666666666,0.22066276803118967,59.76384015594542,25.13,284.13444444444445,0.18456140350877348,28.187286549707608,25.35346153846154,318.30384615384617,0.3400809716599227,100.46307692307693,28.246354166666666,226.34572916666664,0.08889254385964662,56.15716557017541
2019-07,26.436296296296295,106.1312962962963,0.28551656920078017,-67.16155945419105,24.680666666666664,192.1271111111111,-0.06685380116959294,-36.0374619883041,24.68307692307692,244.43384615384613,-0.03971659919028525,13.465890688259122,28.046354166666664,106.71208333333334,0.20668311403508355,-71.2692735745614
2019-08,26.31277777777778,144.01796296296297,0.2064912280701776,-64.79730994152047,25.083111111111112,155.6942222222222,0.29598830409356935,-118.96223391812867,25.037692307692307,205.88346153846155,0.22554655870445472,-29.30724696356276,27.82494791666667,116.40838541666666,0.13386787280701995,-64.79166666666667
2019-09,26.357592592592592,133.01592592592593,0.266276803118906,-89.28389863547758,25.287555555555556,113.48199999999999,0.45162573099415226,-146.9203157894737,25.301538461538463,103.18153846153845,0.42246963562753237,-128.92196356275304,27.781875,117.10755208333335,0.14752741228069866,-77.15603618421052
2019-10,26.252592592592595,304.5762962962963,0.16829434697855916,31.31767056530208,24.664,313.5431111111111,-0.10525146198830271,-6.472818713450295,25.12423076923077,221.0519230769231,0.26224696356275246,-36.95427125506072,27.5853125,217.53708333333336,0.0006469298245654898,-18.856781798245606
2019-11,26.020740740740738,301.9692592592593,0.2234405458089661,-102.35124756335279,24.71466666666667,258.76311111111113,0.026093567251464833,-115.93472514619884,24.875384615384615,275.6773076923077,0.06366396761133686,3.6499999999999773,27.482708333333335,242.13776041666665,0.21870888157895152,-80.76414747807024
2019-12,25.255185185185184,265.68018518518517,-0.03981481481481808,-122.8179922027291,24.574444444444442,518.8482222222221,0.02249122807017301,107.11852631578938,24.558461538461536,379.4196153846154,-0.0533805668016214,77.4202834008097,26.550416666666667,253.5739583333333,-0.14723410087719202,-80.39176260964913
2020-01,25.708148148148148,103.7237037037037,0.6286842105263126,-127.25325536062377,24.883777777777777,288.37044444444444,0.5042923976608158,-136.04313450292398,24.651153846153843,176.38,0.42720647773279197,-145.06544534412956,26.68760416666667,93.49463541666667,0.46657346491228324,-117.9288788377193
2020-02,25.741666666666667,108.25277777777777,0.3409551656920087,-24.497037037037046,24.782666666666668,255.56711111111113,0.351649122807018,-41.158538011695924,24.621923076923075,110.42615384615384,0.3608502024291482,-76.20576923076923,26.794010416666666,82.73390625,0.42603892543859345,-25.26599232456141
2020-03,26.771851851851853,115.18148148148148,0.658401559454191,-78.3877192982456,25.122,322.97866666666664,0.3818830409356728,30.133345029239763,25.199230769230766,210.8503846153846,0.4611538461538416,22.1147773279352,27.55213541666667,68.41453125,0.46506853070175325,-62.01066337719301
2020-04,26.98888888888889,291.25296296296295,0.2342300194931788,84.24896686159843,25.372666666666667,261.02444444444444,0.28101754385965094,-14.329146198830415,25.56576923076923,186.75346153846155,0.26953441295546554,3.41127530364372,28.156875,190.28473958333333,0.20724232456140257,57.99178728070177
2020-05,27.148703703703703,201.97537037037037,0.19222222222222385,-4.092329434697859,25.762,288.622,0.40433918128654867,31.477485380116946,26.032692307692308,251.21192307692309,0.5049190283400833,36.25313765182187,28.583437500000002,144.4684375,0.1508114035087722,-14.635304276315793
2020-06,26.33203703703704,251.55555555555554,-0.13489278752436462,72.2827290448343,24.807999999999996,350.632,-0.13743859649122925,94.68484210526316,25.064230769230768,297.7553846153846,0.050850202429149505,79.91461538461539,28.054895833333333,234.59515624999997,-0.10256578947368666,64.40659265350874
2020-07,26.05037037037037,261.7238888888889,-0.1004093567251445,88.43103313840155,24.49711111111111,384.91755555555557,-0.25040935672514664,156.75298245614036,24.801538461538463,324.42846153846153,0.0787449392712567,93.46050607287452,27.5959375,236.60390625,-0.24373355263157848,58.62254934210526
2020-08,26.338333333333335,143.55796296296296,0.2320467836257336,-65.25730994152048,25.013777777777776,249.03488888888887,0.226654970760233,-25.62156725146201,24.982307692307693,213.10615384615386,0.17016194331984025,-22.08455465587045,27.887760416666666,132.95197916666666,0.1966803728070161,-48.24807291666667
2020-09,26.00814814814815,248.98666666666668,-0.083167641325538,26.686842105263167,24.637111111111114,356.26155555555556,-0.19881871345029012,95.85923976608188,25.060384615384617,246.24384615384616,0.1813157894736861,14.140344129554677,27.528333333333332,239.25895833333334,-0.10601425438596834,44.99537006578947
2020-10,25.91796296296296,213.84425925925927,-0.166335282651076,-59.41436647173492,24.801555555555556,321.8246666666667,0.03230409356725161,1.8087368421053043,24.59807692307692,328.4646153846154,-0.2639068825910975,70.45842105263159,27.443802083333335,224.90921875,-0.14086348684210037,-11.484646381578955
2020-11,25.792407407407406,444.2451851851852,-0.004892787524365616,39.92467836257316,24.639333333333333,394.56111111111113,-0.04923976608187175,19.86327485380116,24.776153846153843,321.91576923076923,-0.03556680161943504,49.88846153846151,27.07348958333333,361.87208333333336,-0.19050986842105289,38.97017543859647
2020-12,25.319814814814816,351.01148148148144,0.024814814814813957,-37.48669590643283,24.509777777777778,275.94644444444447,-0.04217543859649098,-135.7832514619883,24.615384615384617,314.055,0.0035425101214592303,12.055668016194318,26.59171875,267.8169270833333,-0.10593201754386072,-66.14879385964912
2021-01,24.70425925925926,283.4468518518519,-0.3752046783625751,52.4698927875244,24.175111111111107,556.2031111111111,-0.20437426900585365,131.78953216374265,24.07730769230769,484.1365384615384,-0.14663967611335949,162.69109311740885,25.820104166666667,258.08869791666666,-0.40092653508772,46.6651836622807
2021-02,25.10240740740741,59.91203703703704,-0.29830409356724985,-72.83777777777777,24.255777777777777,217.21866666666668,-0.17523976608187297,-79.50698245614038,24.243846153846157,156.57076923076923,-0.017226720647769866,-30.061153846153843,25.85109375,66.19916666666667,-0.5168777412280718,-41.80073190789474
2021-03,25.871296296296297,280.6318518518519,-0.242153996101365,87.0626510721248,24.487555555555556,287.82888888888886,-0.2525614035087713,-5.016432748538023,24.669999999999998,190.42461538461538,-0.06807692307692648,1.6890080971659813,26.842864583333334,193.86749999999998,-0.2442023026315816,63.44230537280697
2021-04,26.404444444444444,241.7751851851852,-0.3502144249512682,34.77118908382067,24.894000000000002,175.3182222222222,-0.19764912280701452,-100.03536842105265,24.931538461538462,123.98538461538462,-0.36469635627530295,-59.35680161943321,27.80458333333333,131.60244791666665,-0.145049342105267,-0.690504385964914
2021-05,26.891481481481485,258.7361111111111,-0.06499999999999417,52.668411306042856,25.259777777777778,317.2993333333333,-0.0978830409356739,60.154818713450254,25.39653846153846,338.42461538461544,-0.1312348178137661,123.46582995951422,28.28734375,184.44479166666667,-0.1452823464912285,25.341049890350888
2021-06,26.22740740740741,183.8812962962963,-0.2395224171539958,4.608469785575068,24.871555555555556,237.77777777777777,-0.07388304093566944,-18.169380116959076,25.029999999999998,116.26923076923077,0.016619433198378886,-101.57153846153847,28.021093750000002,150.78354166666665,-0.13636787280701768,-19.405021929824585
2021-07,26.06574074074074,183.38444444444445,-0.08503898635477469,10.091588693957107,24.872222222222224,196.74333333333334,0.12470175438596698,-31.421239766081868,24.841153846153848,213.62076923076924,0.11836032388664108,-17.34718623481777,27.866249999999997,184.59552083333332,0.02657894736841726,6.614163925438589
2021-08,25.891481481481485,272.5837037037037,-0.21480506822611645,63.768430799220255,24.627555555555556,359.07800000000003,-0.15956725146198636,84.42154385964915,24.918076923076924,280.36884615384616,0.10593117408907204,45.17813765182186,27.492604166666666,244.03166666666667,-0.19847587719298332,62.831614583333334
2021-09,26.06111111111111,243.34314814814817,-0.03020467836257623,21.043323586744663,24.643555555555558,330.6213333333333,-0.1923742690058461,70.21901754385965,24.767692307692307,307.77423076923077,-0.11137651821862349,75.67072874493928,27.580624999999998,203.97171875,-0.05372258771930305,9.708130482456141
2021-10,26.30759259259259,233.81648148148147,0.22329434697855532,-39.44214424951272,25.01088888888889,336.996,0.24163742690058498,16.980070175438584,24.96807692307692,302.98423076923075,0.10609311740890348,44.97803643724694,27.857760416666665,196.7596875,0.2730948464912295,-39.63417763157895
2021-11,25.83537037037037,379.2462962962963,0.03807017543859814,-25.074210526315767,24.782444444444444,326.99066666666664,0.093871345029239,-47.70716959064333,24.887307692307694,245.50846153846155,0.07558704453441578,-26.51884615384617,27.4140625,308.75255208333334,0.15006304824561667,-14.149355811403552
2021-12,25.391851851851854,410.91388888888883,0.09685185185185219,22.415711500974567,24.75488888888889,302.61,0.20293567251462008,-109.11969590643275,24.596153846153847,279.61153846153843,-0.01568825910931082,-22.38779352226726,26.79359375,315.3716145833333,0.09594298245614041,-18.594106359649118
2022-01,25.296296296296298,156.42203703703703,0.2168323586744627,-74.55492202729044,24.279777777777777,396.33844444444446,-0.09970760233918341,-28.07513450292396,24.157307692307693,236.0223076923077,-0.06663967611335764,-85.42313765182186,26.414895833333333,147.961875,0.1938651315789457,-63.46163925438597
2022-02,25.387592592592593,366.9442592592593,-0.013118908382065086,234.19444444444449,24.618,281.5848888888889,0.18698245614034903,-15.140760233918172,24.263846153846153,241.73846153846154,0.0027732793522261545,55.10653846153846,26.637552083333333,273.40734375,0.2695805921052603,165.40744517543857
2022-03,26.33851851851852,225.54574074074074,0.22506822612085742,31.976539961013657,24.837333333333333,273.74133333333333,0.09721637426900642,-19.103988304093548,24.789615384615384,304.05346153846153,0.05153846153845976,115.31785425101214,27.34364583333333,139.63598958333333,0.25657894736841413,9.210794956140319
2022-04,26.57777777777778,261.18203703703705,-0.17688109161793264,54.17804093567253,24.914,273.2542222222222,-0.17764912280701495,-2.0993684210526453,24.88076923076923,304.4142307692308,-0.41546558704453673,121.07204453441298,27.876875,163.63875,-0.07275767543859857,31.345797697368425
2022-05,26.796296296296298,247.02759259259258,-0.1601851851851812,40.95989278752435,25.43155555555556,245.77777777777777,0.07389473684210657,-11.366736842105297,25.31230769230769,257.54153846153844,-0.2154655870445339,42.582753036437225,28.449895833333333,184.17453125,0.017269736842102645,25.070789473684215
2022-06,26.17685185185185,260.8735185185185,-0.29007797270955393,81.60069200779725,24.677777777777777,367.6357777777778,-0.2676608187134484,111.68861988304093,25.028846153846153,221.15461538461537,0.015465587044534601,3.3138461538461286,27.9921875,199.17276041666665,-0.1652741228070198,28.984196820175413
2022-07,26.374814814814815,163.59592592592594,0.22403508771930092,-9.696929824561408,24.88533333333333,276.54066666666665,0.13781286549707517,48.376093567251445,24.877307692307696,307.14500000000004,0.15451417004048906,76.17704453441303,28.12484375,172.66901041666665,0.2851726973684201,-5.312346491228084
2022-08,26.12574074074074,217.32537037037036,0.01945419103313739,8.510097465886929,24.85688888888889,369.8864444444444,0.06976608187134659,95.22998830409352,24.98153846153846,194.48615384615385,0.16939271255060717,-40.70455465587045,27.806875,197.72697916666667,0.11579495614035196,16.526927083333334
2022-09,25.927037037037035,219.04796296296297,-0.16427875243665113,-3.2518615984405415,24.60088888888889,340.1002222222222,-0.23504093567251516,79.69790643274854,24.84653846153846,263.0988461538461,-0.03253036437246948,30.99534412955464,27.6346875,212.0759375,0.00033991228069751855,17.812349232456143
2022-10,25.78796296296296,382.8585185185185,-0.296335282651075,109.59989278752431,24.651777777777777,441.5826666666667,-0.11747368421052684,121.56673684210529,24.92076923076923,311.64923076923077,0.05878542510121321,53.64303643724696,27.214375,333.6098958333333,-0.37029057017543465,97.21603070175436
2022-11,25.645925925925926,398.43740740740736,-0.15137426900584572,-5.883099415204697,24.734666666666666,402.63199999999995,0.046093567251460854,27.934163742689975,24.904230769230768,238.24153846153845,0.09251012145749016,-33.78576923076926,27.15223958333333,304.34020833333335,-0.11175986842105345,-18.561699561403543
2022-12,24.99111111111111,546.9285185185186,-0.303888888888892,158.4303411306043,24.16911111111111,394.59644444444444,-0.3828421052631583,-17.133251461988323,24.24076923076923,324.12423076923073,-0.371072874493926,22.124898785425046,26.589270833333334,445.7379166666667,-0.10837993421052516,111.77219572368426
2023-01,24.89314814814815,281.3840740740741,-0.1863157894736851,50.407115009746605,24.388,345.04844444444444,0.008514619883040808,-79.36513450292398,24.105,451.86153846153843,-0.11894736842105047,130.41609311740888,26.129270833333333,277.83927083333333,-0.09175986842105388,66.41575657894737
2023-02,25.227962962962962,220.8411111111111,-0.17274853801169598,88.09129629629629,24.526222222222223,302.0437777777778,0.09520467836257396,5.318128654970735,24.368846153846157,213.04461538461538,0.10777327935223013,26.41269230769231,26.214583333333334,177.93718750000002,-0.1533881578947387,69.93728892543861
2023-03,25.621296296296297,228.06666666666666,-0.492153996101365,34.49746588693958,24.596888888888888,317.58644444444445,-0.14322807017543937,24.741122807017575,24.776538461538465,126.23346153846154,0.0384615384615401,-62.50214574898786,26.54088541666667,178.88130208333334,-0.5461814692982472,48.45610745614033
2023-04,26.99425925925926,133.90462962962962,0.23960038986354704,-73.0993664717349,25.31688888888889,189.5773333333333,0.22523976608187368,-85.77625730994154,25.478076923076927,111.65423076923076,0.18184210526316136,-71.68795546558707,28.203177083333333,90.86557291666666,0.2535444078947364,-41.4273793859649
2023-05,27.283518518518516,186.57925925925926,0.32703703703703724,-19.48844054580897,25.73111111111111,196.31977777777777,0.3734502923976599,-60.824736842105295,25.726923076923075,200.655,0.1991497975708505,-14.30378542510121,28.78916666666667,132.57510416666665,0.35654057017544005,-26.528637609649138
2023-06,26.865555555555556,180.9498148148148,0.39862573099415144,1.6769883040935554,25.320444444444448,204.2748888888889,0.3750058479532221,-51.67226900584794,25.253076923076925,189.7676923076923,0.2396963562753065,-28.07307692307694,28.544010416666666,147.85635416666665,0.3865487938596459,-22.332209429824587
2023-07,26.589444444444442,264.545,0.438664717348928,91.25214424951267,25.12666666666667,242.89377777777776,0.3791461988304121,14.72920467836255,25.210384615384616,297.7238461538461,0.487591093117409,66.75589068825911,28.244375,245.36151041666668,0.4047039473684215,67.38015350877194
2023-08,26.67222222222222,280.56018518518516,0.5659356725146196,71.74491228070173,25.432444444444446,208.75666666666666,0.6453216374269033,-65.89978947368422,25.424999999999997,147.94846153846154,0.6128542510121449,-87.24224696356276,28.248697916666668,192.569375,0.5576178728070182,11.369322916666675
2023-09,26.62962962962963,291.8168518518519,0.5383138401559435,69.51702729044837,25.350444444444445,314.3162222222222,0.514514619883041,53.91390643274855,25.371923076923075,346.54153846153844,0.49285425101214386,114.43803643724695,28.15640625,223.66484375000002,0.5220586622806991,29.40125548245615
2023-10,26.900185185185183,244.18092592592595,0.815886939571147,-29.07769980506825,25.555777777777777,263.25,0.7865263157894731,-56.7659298245614,25.783846153846152,137.04115384615386,0.9218623481781343,-120.96504048582995,28.39661458333333,173.41776041666665,0.8119490131578964,-62.97610471491231
2023-11,26.352592592592593,546.8277777777778,0.5552923976608213,142.50727095516572,25.426222222222222,354.1791111111111,0.7376491228070172,-20.518725146198847,25.509615384615383,243.505,0.6978947368421053,-28.52230769230772,28.06651041666667,444.39906249999996,0.8025109649122868,121.49715460526306
2023-12,26.04111111111111,485.5024074074074,0.7461111111111087,97.00423001949315,25.36333333333333,429.58599999999996,0.8113801169590609,17.85630409356719,25.45423076923077,299.99192307692306,0.8423886639676113,-2.007408906882631,27.465156250000003,370.7288541666667,0.7675054824561443,36.763133223684235
2024-01,25.843333333333334,328.2190740740741,0.7638693957114988,97.24211500974664,25.290444444444443,422.7131111111111,0.9109590643274821,-1.7004678362573031,25.12730769230769,162.19884615384615,0.9033603238866377,-159.2465991902834,27.027291666666667,290.3147916666667,0.8062609649122798,78.89127741228071
2024-02,26.442592592592593,131.1237037037037,1.0418810916179346,-1.6261111111111006,25.407777777777774,250.3193333333333,0.9767602339181245,-46.40631578947375,25.06153846153846,138.73615384615385,0.8004655870445347,-47.89576923076922,27.480885416666666,96.69328125,1.112913925438594,-11.306617324561415
2024-03,26.975555555555555,209.90407407407406,0.8621052631578934,16.334873294346977,25.767333333333333,306.39733333333334,1.0272163742690061,13.552011695906458,25.60076923076923,50.25615384615385,0.8626923076923063,-138.47945344129556,27.97265625,138.18239583333335,0.8855893640350843,7.757201206140337
2024-04,27.870185185185186,198.0775925925926,1.1155263157894737,-8.926403508771926,26.201555555555554,272.21333333333337,1.109906432748538,-3.1402573099414894,26.339615384615385,136.1123076923077,1.0433805668016198,-47.229878542510136,28.993125000000003,119.10046875,1.0434923245614058,-13.192483552631558
2024-05,27.833333333333332,281.8401851851852,0.8768518518518533,75.77248538011696,26.162444444444443,383.1828888888889,0.804783625730991,126.03837426900583,26.592692307692307,251.30346153846156,1.064919028340082,36.34467611336035,29.313125,192.59421874999998,0.8804989035087694,33.490476973684196
2024-06,27.163888888888888,264.2888888888889,0.6969590643274834,85.01606237816765,25.459333333333333,350.8304444444445,0.5138947368421078,94.88328654970763,25.36653846153846,288.0380769230769,0.35315789473684234,70.19730769230767,28.762656250000003,227.35369791666668,0.6051946271929829,57.16513432017544
2024-07,26.844074074074072,131.7798148148148,0.6932943469785577,-41.513040935672535,25.448444444444444,235.35,0.7009239766081876,7.185426900584787,25.333076923076923,243.91653846153847,0.6102834008097169,12.948582995951455,28.54479166666667,144.9346875,0.7051206140350885,-33.04666940789474
2024-08,26.649444444444445,263.68111111111114,0.5431578947368436,54.8658382066277,25.218666666666664,414.0268888888889,0.43154385964912123,139.370432748538,25.318846153846152,312.9923076923077,0.5067004048583001,77.80159919028338,28.180520833333333,229.09755208333334,0.48944078947368297,47.89750000000001
2024-09,26.63611111111111,235.93444444444444,0.5447953216374231,13.634619883040926,25.529999999999998,279.4428888888889,0.6940701754385934,19.040573099415212,25.54076923076923,188.15807692307692,0.6617004048582977,-43.94542510121457,28.223333333333333,198.64494791666667,0.5889857456140319,4.3813596491228
2024-10,26.602962962962962,256.6066666666667,0.5186647173489263,-16.651959064327514,25.19622222222222,303.1571111111111,0.42697076023391745,-16.85881871345032,25.238846153846154,254.16653846153847,0.37686234817813613,-3.839655870445341,28.180677083333332,210.95166666666668,0.5960115131578974,-25.44219846491228
2024-11,26.157777777777778,555.6577777777778,0.3604775828460056,151.33727095516576,25.29866666666667,361.8644444444444,0.6100935672514645,-12.833391812865557,25.34653846153846,310.2169230769231,0.5348178137651836,38.189615384615365,27.778385416666666,404.52416666666664,0.5143859649122824,81.62225877192975
2024-12,25.675555555555555,315.1524074074074,0.38055555555555287,-73.34576998050687,25.10511111111111,372.55777777777774,0.5531578947368416,-39.17191812865502,25.05115384615385,347.46500000000003,0.439311740890691,45.46566801619434,27.099218750000002,279.04005208333336,0.4015679824561431,-54.92566885964908
2025-01,25.12074074074074,314.90592592592594,0.04127680311890458,83.92896686159847,24.796888888888887,784.9644444444444,0.4174035087719261,360.550865497076,24.732692307692307,454.5269230769231,0.5087449392712564,133.08147773279353,26.22854166666667,287.07364583333333,0.007510964912281537,75.65013157894737
2025-02,25.584814814814813,120.33481481481482,0.18410331384015421,-12.414999999999992,24.61777777777778,334.26933333333335,0.1867602339181289,37.543684210526294,24.525,298.86692307692306,0.263927125506072,112.23499999999999,26.20958333333333,97.11677083333332,-0.15838815789474125,-10.883127741228094
2025-03,26.261851851851855,215.36777777777777,0.14840155945419298,21.79857699805069,25.05888888888889,408.98199999999997,0.3187719298245639,116.1366783625731,24.89692307692308,271.0403846153846,0.15884615384615586,82.3047773279352,27.0240625,166.04619791666667,-0.06300438596491631,35.62100328947366
2025-04,26.550925925925927,321.0611111111111,-0.20373294346978454,114.05711500974655,25.10688888888889,269.64644444444446,0.01523976608187283,-5.707146198830401,25.36,171.41961538461538,0.06376518218623417,-11.922570850202447,27.750520833333336,200.25463541666667,-0.19911184210526045,67.96168311403511
2025-05,27.06611111111111,231.38666666666666,0.10962962962963019,25.318966861598426,25.612666666666666,186.22444444444446,0.255005847953214,-70.92007017543861,25.636153846153846,193.13346153846155,0.10838056680162111,-21.825323886639666,28.75390625,178.1628125,0.32128015350876993,19.059070723684215
2025-06,26.64166666666667,177.36314814814816,0.17473684210526486,-1.9096783625730893,25.206666666666667,235.68755555555558,0.2612280701754415,-20.25960233918127,25.041153846153847,190.52692307692308,0.027773279352228286,-27.313846153846157,28.468072916666667,180.54557291666666,0.3106112938596475,10.357009320175422
2025-07,26.619814814814816,145.84907407407408,0.4690350877193019,-27.443781676413266,25.308666666666667,157.38377777777777,0.5611461988304107,-70.78079532163744,24.983076923076922,138.8446153846154,0.26028340080971546,-92.12334008097162,28.41989583333333,141.26833333333335,0.5802247807017515,-36.71302357456139
2025-08,26.216851851851853,227.90092592592592,0.11056530214425209,19.085653021442482,24.705333333333332,282.66977777777777,-0.08178947368421063,8.013321637426884,24.659230769230767,299.24115384615385,-0.15291497975708523,64.05044534412954,27.94348958333333,227.39770833333333,0.25240953947368183,46.197656249999994
2025-09,26.17796296296296,264.60685185185184,0.08664717348927553,42.30702729044833,24.95711111111111,342.07155555555556,0.12118128654970661,81.66923976608189,24.931153846153848,339.3876923076923,0.05208502024291661,107.28419028340082,27.720989583333335,229.94927083333334,0.08664199561403407,35.68568256578948
2025-10,26.209074074074074,271.647037037037,0.12477582846003799,-1.6115886939571737,24.946666666666665,284.02555555555557,0.17741520467836125,-35.99037426900583,24.975,235.90692307692308,0.1130161943319834,-22.099271255060728,27.977604166666666,248.84921875,0.39293859649123064,12.455353618421043
2025-11,25.777037037037037,589.792962962963,-0.02026315789473543,185.47245614035091,24.935777777777776,334.8411111111111,0.24720467836257143,-39.85672514619887,24.92269230769231,307.9803846153846,0.11097165991903069,35.95307692307688,27.496770833333333,429.21161458333336,0.2327713815789494,106.30970668859646
2025-12,25.43185185185185,487.1335185185185,0.13685185185184778,98.63534113060422,24.759777777777778,454.5686666666667,0.20782456140350902,42.838970760233906,24.9,278.34423076923076,0.28815789473684106,-23.655101214574927,26.83796875,375.5447916666667,0.1403179824561427,41.579070723684254
2026-01,24.799223416965354,446.7994444444445,-0.28024052065648064,215.822485380117,23.99215770609319,557.2093333333333,-0.3873276740237692,132.79575438596493,24.173436724565757,393.0565384615384,-0.05051064385529358,71.61109311740887,25.886863239247315,356.1463541666667,-0.33416746250707163,144.72283991228073
2026-02,25.42911375661376,377.5964814814815,0.028402255639100815,244.84666666666666,24.42628571428571,301.7602222222222,-0.004731829573938029,5.034573099415127,24.276744505494506,319.7307692307692,0.01567163100057911,133.09884615384615,26.199200148809524,298.8433333333333,-0.1687713424185482,190.84343475877188
2026-03,26.11835722819594,476.9035185185185,0.004906935798278056,283.33431773879147,24.84134050179211,122.86088888888888,0.10122354272778367,-169.98443274853798,24.493200992555828,174.10576923076923,-0.24487593052109702,-14.629838056680171,27.13604502688172,317.6705729166667,0.0489781409168053,187.24537828947368
2026-04,27.181197530864196,418.73888888888894,0.4265386614684843,211.73489278752442,25.40751851851852,207.7531111111111,0.31586939571150197,-67.60047953216375,25.533589743589744,65.98653846153846,0.2373549257759784,-117.35564777327937,28.437225694444447,281.01854166666664,0.4875930190058497,148.72558936403507
2026-05,27.23543010752688,562.7712962962963,0.27894862604540194,356.7035964912281,25.53469534050179,298.0084444444444,0.17703452178833956,40.86392982456135,25.8989205955335,190.7580769230769,0.3711473161812755,-24.2007085020243,28.75446572580645,450.1236979166667,0.32183962931522103,291.0199561403509
