Date,Year,Month,Trend,Production,Mature_Area,Area_Source,Yield,ONI,ONI_lag12,TAVG,PRCP,TAVG_CLIM,PRCP_CLIM,TAVG_DEV,PRCP_DEV,T2M_DEV_West,PRCP_DEV_West,T2M_West,PRCP_West,T2M_DEV_Sarawak,PRCP_DEV_Sarawak,T2M_Sarawak,PRCP_Sarawak,T2M_DEV_Sabah,PRCP_DEV_Sabah,T2M_Sabah,PRCP_Sabah
2010-01,2010,1,0,1321244,4478328.152380958,BACKCAST,0.29503063532705714,1.5,-0.85,26.457395833333333,150.96072916666665,26.221030701754387,211.42351425438596,0.23636513157894612,-60.46278508771931,0.0888693957114981,-64.3291812865497,25.168333333333333,166.64777777777778,-0.1588187134502945,-46.057356725146235,24.220666666666663,378.3562222222222,-0.1043319838056646,-63.55390688259109,24.119615384615383,257.89153846153846
2010-02,2010,2,1,1156814,4478328.152380958,BACKCAST,0.25831380833156803,1.22,-0.79,27.07557291666667,63.631458333333335,26.367971491228072,107.99989857456141,0.7076014254385967,-44.36844024122808,0.6268810916179355,-20.395185185185184,26.02759259259259,112.35462962962964,0.4760935672514605,-77.2280935672515,24.90711111111111,219.49755555555555,0.1981578947368447,-144.74846153846153,24.45923076923077,41.88346153846154
2010-03,2010,3,2,1387234,4478328.152380958,BACKCAST,0.3097660450055363,0.84,-0.61,27.57739583333333,114.40411458333334,27.087066885964916,130.425194627193,0.4903289473684147,-16.02108004385967,0.3030311890838213,-1.4019785575048616,26.416481481481483,192.16722222222225,0.1927719298245627,7.375789473684222,24.93288888888889,300.2211111111111,0.2499999999999964,-93.02599190283402,24.98807692307692,95.70961538461538
2010-04,2010,4,3,1306228,4478328.152380958,BACKCAST,0.29167759832551077,0.35,-0.33,28.26364583333333,130.51239583333333,27.949632675438597,132.29295230263156,0.3140131578947347,-1.780556469298233,0.3773781676413286,2.044152046783637,27.13203703703704,209.04814814814816,0.2361286549707628,40.00507602339178,25.32777777777778,315.35866666666664,0.1191497975708486,2.501659919028299,25.415384615384617,185.84384615384613
2010-05,2010,5,4,1385854,4478328.152380958,BACKCAST,0.3094578942954847,-0.17,0.01,28.862083333333334,152.35296875,28.43262609649123,159.1037417763158,0.42945723684210435,-6.750773026315784,0.5731481481481495,5.538966861598453,27.52962962962963,211.60666666666668,0.2552280701754341,49.187040935672485,25.61288888888889,306.33155555555555,0.2595344129554675,5.283906882591111,25.787307692307692,220.24269230769232
2010-06,2010,6,5,1419856,4478328.152380958,BACKCAST,0.31705045983401553,-0.66,0.28,28.14526041666667,206.31317708333333,28.15746162280702,170.18856359649124,-0.012201206140350251,36.124613486842094,-0.057300194931777,49.943654970760235,26.409629629629627,229.21648148148148,-0.0236608187134486,22.897953216374276,24.921777777777777,278.8451111111111,0.1677732793522288,27.86615384615385,25.181153846153848,245.7069230769231
2010-07,2010,7,6,1518896,4478328.152380958,BACKCAST,0.33916585572061314,-1.05,0.45,27.592447916666668,238.64604166666666,27.83967105263158,177.98135690789474,-0.2472231359649122,60.66468475877193,-0.2170760233918081,49.95492202729042,25.933703703703703,223.24777777777777,-0.3641871345029237,172.4483157894737,24.383333333333333,400.6128888888889,-0.1347165991902841,3.2270445344129826,24.58807692307692,234.195
2010-08,2010,8,7,1606420,4478328.152380958,BACKCAST,0.3587097562615922,-1.35,0.58,27.643541666666668,182.16473958333333,27.69108004385965,181.20005208333333,-0.04753837719298204,0.9646874999999966,-0.0964717348927877,-25.843606237816772,26.009814814814813,182.97166666666664,-0.1460116959064343,164.51287719298244,24.64111111111111,439.1693333333333,-0.029838056680159,64.27775303643725,24.782307692307693,299.46846153846155
2010-09,2010,9,8,1562912,4478328.152380958,BACKCAST,0.34899452358556143,-1.56,0.71,27.66786458333333,210.37765625,27.6343475877193,194.26358826754387,0.0335169956140291,16.114067982456135,0.0384990253411281,-5.811306042884979,26.129814814814814,216.48851851851853,-0.2437076023391782,98.45990643274854,24.592222222222222,358.8622222222222,-0.0779149797570823,28.606113360323917,24.80115384615385,260.7096153846154
2010-10,2010,10,9,1636486,4478328.152380958,BACKCAST,0.3654234223836282,-1.64,1.01,27.623802083333334,241.40322916666665,27.584665570175435,236.39386513157896,0.039136513157899344,5.009364035087685,-0.1474463937621841,-80.18195906432754,25.936851851851852,193.07666666666665,-0.2048070175438567,25.347403508771947,24.564444444444447,345.36333333333334,-0.2096761133603237,-70.26273279352228,24.652307692307694,187.74346153846153
2010-11,2010,11,10,1459021,4478328.152380958,BACKCAST,0.32579591096384786,-1.64,1.36,26.94453125,298.9856770833333,27.263999451754383,322.9019078947369,-0.3194682017543826,-23.91623081140358,-0.3358187134502906,-20.294580896686114,25.46148148148148,384.02592592592595,-0.2232397660818712,4.979052631578895,24.465333333333337,379.67688888888887,-0.3121052631578926,27.254999999999995,24.499615384615385,299.2823076923077
2010-12,2010,12,11,1232752,4478328.152380958,BACKCAST,0.27527058269381,-1.54,1.56,26.142083333333332,328.63244791666665,26.69765076754386,333.96572094298244,-0.555567434210527,-5.333273026315794,-0.6664814814814832,-52.41502923976611,24.62851851851852,336.08314814814815,-0.5359532163742671,-72.21414035087719,24.016,339.5155555555556,-0.4953036437246965,52.957975708501976,24.11653846153846,354.95730769230767
2011-01,2011,1,12,1057917,4281837.0,MPOB,0.2470708249753552,-1.31,1.5,25.648229166666667,319.25755208333334,26.221030701754387,211.42351425438596,-0.57280153508772,107.83403782894737,-0.674093567251461,83.99304093567255,24.405370370370377,314.97,-0.5890409356725179,29.543976608187165,23.790444444444443,453.9575555555556,-0.4843319838056672,182.88186234817815,23.739615384615384,504.3273076923077
2011-02,2011,2,13,1094308,4281837.0,MPOB,0.2555697472837009,-1.04,1.22,25.968697916666667,73.07109375,26.367971491228072,107.99989857456141,-0.39927357456140555,-34.92880482456141,-0.3473781676413239,-78.70703703703703,25.053333333333335,54.04277777777778,-0.4319064327485371,-28.29787134502925,23.999111111111112,268.4277777777778,-0.4987651821862329,152.16,23.762307692307697,338.79192307692307
2011-03,2011,3,14,1416370,4281837.0,MPOB,0.3307855950611852,-0.8,0.84,26.34692708333333,249.62453125000002,27.087066885964916,130.425194627193,-0.7401398026315853,119.19933662280701,-0.7953021442495114,146.29024366471734,25.31814814814815,339.8594444444444,-0.6063391812865504,49.62823391812867,24.133777777777777,342.47355555555555,-0.6992307692307698,221.84362348178135,24.038846153846155,410.5792307692308
2011-04,2011,4,15,1529951,4281837.0,MPOB,0.35731182667626066,-0.62,0.35,26.9403125,114.61255208333334,27.949632675438597,132.29295230263156,-1.0093201754385959,-17.68040021929822,-0.7785477582845992,-24.089366471734905,25.976111111111113,182.9146296296296,-0.5552046783625713,-42.48847953216375,24.536444444444445,232.8651111111111,-0.7281578947368423,117.48742914979752,24.568076923076923,300.82961538461535
2011-05,2011,5,16,1741796,4281837.0,MPOB,0.4067870869442251,-0.46,-0.17,27.910989583333333,145.21869791666668,28.43262609649123,159.1037417763158,-0.5216365131578975,-13.885043859649102,-0.439074074074071,-32.88029239766081,26.517407407407408,173.18740740740742,-0.4065497076023412,-40.7018479532164,24.95111111111111,216.44266666666667,-0.640465587044531,18.474291497975713,24.887307692307697,233.43307692307692
2011-06,2011,6,17,1753137,4281837.0,MPOB,0.40943571649271093,-0.37,-0.66,27.830468749999998,149.48515625000002,28.15746162280702,170.18856359649124,-0.32699287280702194,-20.70340734649122,-0.2510038986354779,-48.120974658869386,26.215925925925927,131.15185185185186,-0.2054385964912271,42.4810643274854,24.74,298.42822222222225,-0.2891497975708468,35.969615384615366,24.724230769230772,253.8103846153846
2011-07,2011,7,18,1751188,4281837.0,MPOB,0.4089805380260855,-0.43,-1.05,27.6596875,115.90828125,27.83967105263158,177.98135690789474,-0.1799835526315796,-62.073075657894734,-0.1855945419103299,-61.56730019493179,25.965185185185184,111.72555555555556,-0.0497426900584763,-75.42679532163743,24.69777777777778,152.73777777777778,-0.1693319838056695,-96.99718623481778,24.553461538461537,133.97076923076924
2011-08,2011,8,19,1667146,4281837.0,MPOB,0.38935298097522164,-0.58,-1.35,27.479322916666664,157.456875,27.69108004385965,181.20005208333333,-0.21175712719298545,-23.743177083333336,-0.2075828460038984,-5.27564327485382,25.898703703703703,203.5396296296296,-0.1693450292397642,-103.56645614035088,24.61777777777778,171.09,-0.2567611336032342,5.598522267206448,24.555384615384614,240.78923076923076
2011-09,2011,9,20,1869070,4281837.0,MPOB,0.43651124505673616,-0.79,-1.56,27.469583333333333,192.27567708333333,27.6343475877193,194.26358826754387,-0.1647642543859682,-1.9879111842105317,-0.2953898635477614,-10.040194931773868,25.795925925925925,212.25962962962964,-0.1323742690058473,-82.24987134502925,24.703555555555557,178.15244444444443,-0.1440688259109315,-62.65696356275305,24.735,169.44653846153844
2011-10,2011,10,21,1908564,4281837.0,MPOB,0.4457348563245168,-0.96,-1.64,27.2309375,277.16770833333334,27.584665570175435,236.39386513157896,-0.3537280701754355,40.773843201754374,-0.426335282651074,57.06081871345026,25.65796296296296,330.31944444444446,-0.1856959064327483,52.066736842105286,24.583555555555556,372.0826666666667,-0.2477530364372491,-22.99657894736842,24.61423076923077,235.0096153846154
2011-11,2011,11,22,1627699,4281837.0,MPOB,0.3801403463046351,-1.02,-1.64,26.971145833333335,333.83578125,27.263999451754383,322.9019078947369,-0.2928536184210486,10.933873355263131,-0.3773001949317702,-3.0440253411305775,25.42,401.2764814814815,-0.1216842105263147,-68.31339181286552,24.56688888888889,306.38444444444445,-0.2636437246963545,11.843461538461554,24.548076923076923,283.87076923076927
2011-12,2011,12,23,1494374,4281837.0,MPOB,0.3490030096895328,-0.92,-1.54,26.341302083333332,385.76276041666665,26.69765076754386,333.96572094298244,-0.356348684210527,51.79703947368421,-0.2822222222222237,7.26848927875244,25.012777777777774,395.7666666666667,-0.1963976608187145,90.24141520467832,24.35555555555555,501.9711111111111,-0.2856882591093104,53.51451417004051,24.326153846153847,355.5138461538462
2012-01,2012,1,24,1288294,4352872.0,MPOB,0.29596413586248344,-0.72,-1.31,25.961510416666666,226.0775,26.221030701754387,211.42351425438596,-0.25952028508772074,14.653985745614023,-0.1027972709551683,-36.27344054580897,24.976666666666667,194.7035185185185,-0.1205964912280705,-61.8064678362573,24.25888888888889,362.6071111111111,-0.1951012145748976,7.954939271255057,24.028846153846153,329.4003846153846
2012-02,2012,2,25,1188356,4352872.0,MPOB,0.27300504126930447,-0.57,-1.04,26.375052083333333,122.6796875,26.367971491228072,107.99989857456141,0.007080592105261019,14.679788925438586,0.1111403508771964,46.71518518518519,25.511851851851855,179.465,-0.1870175438596497,49.537239766081825,24.244,346.2628888888889,-0.1610728744939251,27.45999999999998,24.1,214.09192307692305
2012-03,2012,3,26,1211257,4352872.0,MPOB,0.27826616541906124,-0.46,-0.8,26.899010416666666,178.18661458333335,27.087066885964916,130.425194627193,-0.1880564692982496,47.761419956140344,-0.3891910331384061,38.6635769980507,25.724259259259256,232.23277777777776,-0.3632280701754382,47.94890058479535,24.37688888888889,340.79422222222223,-0.3469230769230798,38.49746963562754,24.391153846153845,227.23307692307696
2012-04,2012,4,27,1272622,4352872.0,MPOB,0.29236375432128486,-0.36,-0.62,27.62484375,151.18375,27.949632675438597,132.29295230263156,-0.3247889254385967,18.89079769736844,-0.4300292397660818,12.85748538011697,26.32462962962963,219.8614814814815,-0.4938713450292376,35.72374269005849,24.59777777777778,311.07733333333334,-0.4370040485829953,75.24165991902831,24.85923076923077,258.58384615384614
2012-05,2012,5,28,1383735,4352872.0,MPOB,0.31789011944297924,-0.17,-0.46,28.031875,182.72151041666666,28.43262609649123,159.1037417763158,-0.40075109649123064,23.617768640350874,-0.4516666666666644,5.185077972709536,26.504814814814814,211.25277777777777,-0.3478830409356739,-101.70318128654976,25.009777777777774,155.44133333333332,-0.5454655870445322,-14.953016194332008,24.982307692307693,200.0057692307692
2012-06,2012,6,29,1470648,4352872.0,MPOB,0.3378569367534814,0.06,-0.37,28.006874999999997,120.80927083333334,28.15746162280702,170.18856359649124,-0.1505866228070225,-49.37929276315789,-0.1130409356725188,-79.93671539961014,26.35388888888889,99.33611111111112,-0.1696608187134458,-99.7984912280702,24.77577777777778,156.14866666666666,-0.3083805668016168,-74.9069230769231,24.705,142.93384615384613
2012-07,2012,7,30,1691916,4352872.0,MPOB,0.3886895824182287,0.3,-0.43,27.430729166666666,182.23578124999997,27.83967105263158,177.98135690789474,-0.4089418859649143,4.254424342105239,-0.4237426900584786,-8.316374269005877,25.727037037037036,164.97648148148147,-0.593298245614033,75.52876023391812,24.154222222222224,303.6933333333333,-0.4516396761133627,57.0681983805668,24.271153846153844,288.0361538461538
2012-08,2012,8,31,1664249,4352872.0,MPOB,0.38233354897639993,0.41,-0.58,27.56713541666667,143.19182291666667,27.69108004385965,181.20005208333333,-0.12394462719298005,-38.008229166666666,-0.1070272904483395,-36.65656920077973,25.99925925925926,172.1587037037037,-0.1831228070175399,-20.724233918128647,24.604000000000003,253.93222222222224,-0.1167611336032337,-63.31147773279355,24.69538461538462,171.87923076923076
2012-09,2012,9,32,2004238,4352872.0,MPOB,0.46044037132265775,0.41,-0.79,27.347395833333334,180.06885416666668,27.6343475877193,194.26358826754387,-0.2869517543859672,-14.194734100877184,-0.2813157894736875,-8.069454191033145,25.81,214.23037037037037,-0.0634853801169583,-116.56276023391813,24.77244444444445,143.83955555555556,-0.4317611336032385,28.2145748987854,24.447307692307692,260.3180769230769
2012-10,2012,10,33,1938430,4352872.0,MPOB,0.4453220770103049,0.31,-0.96,27.360781250000002,200.07182291666666,27.584665570175435,236.39386513157896,-0.2238843201754328,-36.3220422149123,-0.2044834307992218,-48.38547758284605,25.879814814814814,224.87314814814815,-0.279029239766082,43.46073684210529,24.490222222222226,363.4766666666667,-0.3250607287449405,-18.068117408906858,24.53692307692308,239.93807692307695
2012-11,2012,11,34,1891132,4352872.0,MPOB,0.43445614757337225,0.13,-1.02,27.125312500000003,236.63625000000002,27.263999451754383,322.9019078947369,-0.13868695175438006,-86.26565789473688,0.1302923976608205,-103.52032163742687,25.927592592592593,300.80018518518517,-0.1530175438596508,95.62705263157892,24.53555555555555,470.3248888888889,-0.1847975708502041,96.12461538461535,24.62692307692307,368.1519230769231
2012-12,2012,12,35,1780153,4352872.0,MPOB,0.408960566724682,-0.1,-0.92,26.954322916666666,394.14078125,26.69765076754386,333.96572094298244,0.25667214912280656,60.17506030701753,0.0983333333333327,74.22774853801167,25.393333333333334,462.72592592592594,-0.0303976608187142,-37.02236257309937,24.521555555555555,374.7073333333334,0.0266194331983804,-73.61663967611338,24.638461538461534,228.3826923076923
2013-01,2013,1,36,1602493,4526089.0,MPOB,0.35405689105980903,-0.29,-0.72,26.45177083333333,179.0803125,26.221030701754387,211.42351425438596,0.23074013157894413,-32.34320175438597,0.1059064327485366,-45.62362573099415,25.18537037037037,185.35333333333332,0.0098479532163722,-166.65157894736842,24.389333333333333,257.762,-0.1170242914979766,-29.34544534412953,24.10692307692307,292.1
2013-02,2013,2,37,1296824,4526089.0,MPOB,0.28652198399103507,-0.29,-0.57,26.316197916666667,231.31984375000002,26.367971491228072,107.99989857456141,-0.05177357456140541,123.3199451754386,-0.2142300194931792,137.3738888888889,25.18648148148148,270.1237037037037,0.0600935672514602,127.2350175438596,24.49111111111111,423.96066666666667,0.070850202429149,-6.891923076923092,24.331923076923076,179.73999999999998
2013-03,2013,3,38,1325101,4526089.0,MPOB,0.2927695412087566,-0.21,-0.46,27.544166666666666,65.06093750000001,27.087066885964916,130.425194627193,0.45709978070174984,-65.364257127193,0.3571052631578943,-87.24697855750487,26.470555555555556,106.3222222222222,0.1501052631578936,-58.053099415204656,24.89022222222222,234.79222222222225,0.2738461538461507,-69.85676113360324,25.011923076923075,118.87884615384615
2013-04,2013,4,39,1366544,4526089.0,MPOB,0.30192601161841937,-0.19,-0.36,28.083072916666666,152.64515624999999,27.949632675438597,132.29295230263156,0.13344024122806886,20.352203947368423,-0.1257699805068206,-14.08325536062378,26.62888888888889,192.9207407407407,-0.0496491228070148,36.02618713450295,25.042,311.3797777777778,-0.0523886639676085,-11.2644939271255,25.243846153846157,172.07769230769233
2013-05,2013,5,40,1384330,4526089.0,MPOB,0.30585567362904265,-0.27,-0.17,28.3165625,161.74723958333334,28.43262609649123,159.1037417763158,-0.11606359649123021,2.643497807017553,-0.2203703703703681,-40.69066276803119,26.73611111111111,165.37703703703704,-0.278327485380121,39.53481871345025,25.07933333333333,296.6793333333333,-0.2623886639676094,4.757753036437265,25.265384615384615,219.71653846153848
2013-06,2013,6,41,1416826,4526089.0,MPOB,0.3130353822030455,-0.34,0.06,28.34692708333333,135.57130208333334,28.15746162280702,170.18856359649124,0.18946546052631064,-34.6172615131579,-0.0506335282651093,-72.91634502923976,26.416296296296295,106.35648148148148,0.0814502923976654,-135.50626900584797,25.02688888888889,120.44088888888888,-0.0729959514170026,-42.82500000000002,24.940384615384616,175.01576923076922
2013-07,2013,7,42,1674852,4526089.0,MPOB,0.37004398278513745,-0.35,0.3,27.68546875,211.30901041666667,27.83967105263158,177.98135690789474,-0.15420230263158174,33.32765350877193,-0.2485575048732933,-24.970448343079937,25.90222222222222,148.3224074074074,-0.4844093567251484,-20.47368421052633,24.263111111111108,207.69088888888888,-0.3812550607287441,-13.215263157894723,24.341538461538462,217.75269230769229
2013-08,2013,8,43,1735284,4526089.0,MPOB,0.38339590759262576,-0.28,0.41,27.52744791666667,170.53197916666667,27.69108004385965,181.20005208333333,-0.16363212719297948,-10.66807291666666,-0.2653606237816746,-43.65768031189083,25.840925925925927,165.1575925925926,-0.3833450292397629,-7.188456140350922,24.40377777777778,267.46799999999996,-0.5313765182186216,45.46582995951414,24.28076923076923,280.65653846153845
2013-09,2013,9,44,1912175,4526089.0,MPOB,0.42247843557649883,-0.21,0.41,27.359322916666667,230.46177083333336,27.6343475877193,194.26358826754387,-0.27502467105263406,36.198182565789494,-0.2679824561403521,10.408138401559455,25.823333333333338,232.70796296296297,-0.3912631578947376,25.391906432748556,24.444666666666667,285.79422222222223,-0.2275303643724733,-26.84157894736839,24.651538461538458,205.2619230769231
2013-10,2013,10,45,1972278,4526089.0,MPOB,0.435757670695384,-0.13,0.31,27.322812499999998,230.29078125,27.584665570175435,236.39386513157896,-0.26185307017543735,-6.103083881578954,-0.3567056530214429,20.674337231968764,25.727592592592593,293.93296296296296,-0.3610292397660828,-109.83570760233916,24.40822222222222,210.18022222222223,-0.4604453441295604,-0.7500404858299703,24.401538461538458,257.25615384615384
2013-11,2013,11,46,1861084,4526089.0,MPOB,0.4111903234779519,-0.1,0.13,27.052083333333332,277.91843750000004,27.263999451754383,322.9019078947369,-0.21191611842105118,-44.983470394736855,-0.1056335282651055,-51.02513645224167,25.691666666666663,353.2953703703704,-0.323017543859649,-63.282947368421105,24.365555555555556,311.41488888888887,-0.3363360323886617,18.848846153846125,24.475384615384616,290.87615384615384
2013-12,2013,12,47,1668668,4526089.0,MPOB,0.3686776817689621,-0.15,-0.1,26.22828125,409.9820833333333,26.69765076754386,333.96572094298244,-0.4693695175438606,76.01636239035088,-0.2659259259259272,-5.529658869395746,25.02907407407407,382.9685185185185,-0.1881754385964917,172.94808187134504,24.363777777777777,584.6777777777778,0.0943117408906886,10.823744939271194,24.70615384615385,312.8230769230769
2014-01,2014,1,48,1508980,4689321.0,MPOB,0.32179072407284554,-0.28,-0.29,25.30395833333333,143.25270833333335,26.221030701754387,211.42351425438596,-0.9170723684210564,-68.17080592105262,-0.8527972709551683,-90.11566276803116,24.226666666666667,140.8612962962963,-0.8701520467836268,-36.314912280701776,23.509333333333338,388.09866666666665,-0.7097165991902799,43.34801619433205,23.51423076923077,364.7934615384616
2014-02,2014,2,49,1275812,4689321.0,MPOB,0.27206753387110844,-0.32,-0.29,25.88171875,20.612395833333334,26.367971491228072,107.99989857456141,-0.4862527412280713,-87.38750274122808,-0.3592300194931752,-122.06333333333332,25.041481481481483,10.686481481481485,-0.3470175438596499,-179.4912046783626,24.084,117.23444444444443,-0.5837651821862337,-3.972692307692285,23.677307692307693,182.6592307692308
2014-03,2014,3,50,1497142,4689321.0,MPOB,0.31926626477479364,-0.14,-0.21,26.891458333333333,57.373020833333335,27.087066885964916,130.425194627193,-0.19560855263158317,-73.05217379385968,-0.1041910331384023,-104.64123781676412,26.00925925925926,88.92796296296295,-0.1045614035087751,-137.65021052631576,24.635555555555552,155.19511111111112,-0.2519230769230773,-111.10291497975707,24.486153846153847,77.63269230769231
2014-04,2014,4,51,1555777,4689321.0,MPOB,0.3317702072432235,0.15,-0.19,28.062812500000003,95.38270833333333,27.949632675438597,132.29295230263156,0.1131798245614064,-36.910243969298236,0.1953411306042873,-46.30640350877192,26.95,160.6975925925926,-0.2383157894736811,-63.784257309941495,24.853333333333335,211.56933333333336,0.0291497975708523,-84.77064777327936,25.325384615384618,98.57153846153848
2014-05,2014,5,52,1656957,4689321.0,MPOB,0.35334689179947376,0.31,-0.27,28.70484375,175.72463541666664,28.43262609649123,159.1037417763158,0.27221765350876836,16.620893640350857,0.2768518518518519,19.07285575048732,27.23333333333333,225.14055555555555,-0.2129941520467859,-0.7276257309941911,25.144666666666662,256.4168888888889,-0.0404655870445331,-17.86147773279353,25.48730769230769,197.09730769230768
2014-06,2014,6,53,1569684,4689321.0,MPOB,0.33473588180463654,0.23,-0.34,28.555260416666666,128.03958333333333,28.15746162280702,170.18856359649124,0.39779879385964634,-42.14898026315791,0.4312183235867444,-48.03282651072123,26.89814814814815,131.24,0.3438947368421061,-111.53693567251464,25.28933333333333,144.41022222222222,0.2458502024291498,-53.06730769230771,25.25923076923077,164.77346153846153
2014-07,2014,7,54,1665661,4689321.0,MPOB,0.3552030240625455,0.1,-0.35,28.110052083333333,174.70791666666665,27.83967105263158,177.98135690789474,0.2703810307017527,-3.273440241228087,0.2903313840155945,-12.4934113060429,26.44111111111111,160.79944444444445,0.2918128654970751,-126.1585730994152,25.03933333333333,102.006,-0.0470242914979728,17.159736842105275,24.67576923076923,248.12769230769229
2014-08,2014,8,55,2031754,4689321.0,MPOB,0.43327253561869616,0.11,-0.28,27.493854166666665,211.76140625000002,27.69108004385965,181.20005208333333,-0.19722587719298446,30.56135416666669,-0.1385087719298248,14.522875243664714,25.967777777777776,223.33814814814815,-0.3971228070175421,83.90887719298246,24.39,358.56533333333334,-0.1525303643724669,4.180445344129538,24.659615384615385,239.37115384615385
2014-09,2014,9,56,1896861,4689321.0,MPOB,0.40450653730038955,0.28,-0.21,27.729062499999998,132.98401041666668,27.6343475877193,194.26358826754387,0.09471491228069695,-61.27957785087719,0.0899805068226093,-57.12889863547758,26.181296296296296,165.17092592592593,-0.0817076023391791,-45.393426900584785,24.754222222222225,215.0088888888889,-0.0894534412955465,-45.456194331983795,24.789615384615384,186.6473076923077
2014-10,2014,10,57,1892961,4689321.0,MPOB,0.4036748603902356,0.54,-0.13,27.615416666666665,217.00583333333336,27.584665570175435,236.39386513157896,0.030751096491229646,-19.388031798245606,0.107183235867442,0.7991520467835471,26.19148148148148,274.05777777777774,-0.10280701754386,-38.05437426900585,24.666444444444444,281.96155555555555,-0.0558299595141704,18.39072874493928,24.806153846153848,276.3969230769231
2014-11,2014,11,58,1750567,4689321.0,MPOB,0.3733092701480662,0.71,-0.1,27.17322916666667,311.84541666666667,27.263999451754383,322.9019078947369,-0.09077028508771434,-11.056491228070229,-0.076559454191031,-15.480506822612028,25.72074074074074,388.84,-0.2365730994152066,103.1954970760234,24.452,477.8933333333334,-0.0174898785425092,-58.73461538461541,24.79423076923077,213.2926923076923
2014-12,2014,12,59,1364797,4689321.0,MPOB,0.2910436287044542,0.77,-0.15,26.69609375,448.19104166666665,26.69765076754386,333.96572094298244,-0.001557017543859729,114.2253207236842,-0.0500000000000007,169.33848927875243,25.245,557.8366666666667,-0.1088421052631574,3.6171929824561175,24.44311111111111,415.3468888888889,-0.1414574898785403,30.89143724696356,24.470384615384617,332.89076923076925
2015-01,2015,1,60,1160687,4859397.0,MPOB,0.23885412120063457,0.69,-0.28,25.724895833333335,150.27239583333332,26.221030701754387,211.42351425438596,-0.49613486842105203,-61.151118421052644,-0.4720565302144273,-106.63103313840156,24.607407407407408,124.34592592592593,-0.3728187134502967,128.12775438596492,24.006666666666664,552.5413333333333,-0.3089473684210517,13.160708502024306,23.915,334.60615384615386
2015-02,2015,2,61,1121628,4859397.0,MPOB,0.230816292638778,0.61,-0.32,25.887031250000003,65.47515625,26.367971491228072,107.99989857456141,-0.480940241228069,-42.524742324561416,-0.532748538011699,-66.97759259259259,24.86796296296296,65.77222222222223,-0.4470175438596513,-48.81076023391816,23.984,247.9148888888889,-0.3956882591093098,-128.29076923076923,23.865384615384617,58.34115384615384
2015-03,2015,3,62,1495151,4859397.0,MPOB,0.3076824140937651,0.65,-0.14,26.922708333333333,69.49333333333333,27.087066885964916,130.425194627193,-0.16435855263158317,-60.93186129385968,-0.1636354775828472,-76.50846003898634,25.949814814814815,117.06074074074074,-0.2334502923976629,-70.55932163742685,24.506666666666664,222.28600000000003,-0.3815384615384651,-93.29599190283402,24.35653846153846,95.43961538461538
2015-04,2015,4,63,1693425,4859397.0,MPOB,0.34848459592826025,0.81,0.15,27.853020833333332,124.51421875,27.949632675438597,132.29295230263156,-0.09661184210526486,-7.778733552631564,-0.0783625730994153,-3.1247368421052784,26.676296296296297,203.87925925925924,-0.1380935672514596,26.744409356725157,24.953555555555557,302.098,-0.1073886639676118,-23.330263157894738,25.188846153846153,160.0119230769231
2015-05,2015,5,64,1810530,4859397.0,MPOB,0.3725832649606525,1.02,0.31,28.399895833333332,109.93494791666666,28.43262609649123,159.1037417763158,-0.032730263157898065,-49.16879385964913,0.0096296296296323,-55.86029239766083,26.96611111111111,150.2074074074074,-0.2412163742690083,-21.03295906432751,25.116444444444443,236.11155555555555,0.0426113360323938,-93.0684008097166,25.57038461538462,121.89038461538462
2015-06,2015,6,65,1763667,4859397.0,MPOB,0.3629394758238522,1.25,0.23,28.19604166666667,151.55614583333332,28.15746162280702,170.18856359649124,0.03858004385964975,-18.632417763157918,0.1286257309941518,-27.348752436647175,26.595555555555556,151.92407407407407,0.0072280701754401,-25.04582456140352,24.952666666666666,230.90133333333333,0.1677732793522288,-65.44653846153847,25.181153846153848,152.39423076923077
2015-07,2015,7,66,1815631,4859397.0,MPOB,0.37363298368089704,1.57,0.1,27.891562500000003,113.9896875,27.83967105263158,177.98135690789474,0.05189144736842266,-63.99166940789473,0.1592202729044842,-55.432300194931784,26.31,117.86055555555556,0.1935906432748524,-86.57835087719297,24.94111111111111,141.58622222222223,0.3383603238866399,-73.12487854251009,25.061153846153847,157.84307692307692
2015-08,2015,8,67,2051000,4859397.0,MPOB,0.4220688287044668,1.91,0.11,27.649322916666666,220.79239583333333,27.69108004385965,181.20005208333333,-0.041757127192983745,39.59234375,0.1333430799220281,70.70231968810918,26.23962962962963,279.5175925925926,0.0373216374268992,-93.04512280701756,24.82444444444444,181.6113333333333,0.1001619433198399,-31.36147773279353,24.912307692307692,203.8292307692308
2015-09,2015,9,68,1959064,4859397.0,MPOB,0.40314960889180285,2.21,0.28,27.735520833333336,130.87244791666666,27.6343475877193,194.26358826754387,0.10117324561403507,-63.39114035087721,0.1479434697855737,-52.31982456140352,26.23925925925926,169.98,0.17918128654971,-161.51187134502925,25.01511111111111,98.89044444444444,0.1736234817813766,-83.22888663967609,25.052692307692308,148.8746153846154
2015-10,2015,10,69,2037466,4859397.0,MPOB,0.41928370948082655,2.47,0.54,27.833541666666665,171.32515625,27.584665570175435,236.39386513157896,0.24887609649123021,-65.06870888157897,0.3071832358674484,-53.37899610136458,26.391481481481485,219.8796296296296,0.3058596491228087,-100.77281871345028,25.075111111111113,219.24311111111112,0.2499392712550587,-88.28311740890689,25.111923076923077,169.72307692307692
2015-11,2015,11,70,1653068,4859397.0,MPOB,0.3401796560355122,2.64,0.71,27.433177083333334,303.35833333333335,27.263999451754383,322.9019078947369,0.16917763157895038,-19.543574561403545,0.255847953216378,-31.775692007797204,26.05314814814815,372.54481481481486,-0.0083508771929849,128.29038596491228,24.68022222222222,502.98822222222225,0.1109716599190306,-8.720769230769235,24.92269230769231,263.3065384615385
2015-12,2015,12,71,1399383,4859397.0,MPOB,0.28797461907310723,2.75,0.77,27.362968749999997,211.57552083333334,26.69765076754386,333.96572094298244,0.6653179824561377,-122.3902001096491,0.5596296296296295,-106.036881091618,25.85462962962963,282.46129629629627,0.2402690058479564,-43.81614035087722,24.792222222222225,367.91355555555555,0.3873886639676129,-72.87933198380568,24.99923076923077,229.12
2016-01,2016,1,72,1129747,5001438.0,MPOB,0.225884435636311,2.63,0.69,27.469375,108.77515625000001,26.221030701754387,211.42351425438596,1.2483442982456125,-102.64835800438595,1.1073879142300171,-73.04955165692007,26.186851851851852,157.9274074074074,0.6729590643274825,-138.38469005847952,25.052444444444443,286.0288888888889,0.6960526315789473,-226.5265991902834,24.92,94.91884615384616
2016-02,2016,2,73,1042707,5001438.0,MPOB,0.20848144073764385,2.28,0.61,26.950364583333336,142.83682291666665,26.367971491228072,107.99989857456141,0.5823930921052636,34.836924342105235,0.3568810916179359,2.2638888888888857,25.75759259259259,135.0137037037037,0.451204678362572,104.9301286549707,24.88222222222222,401.65577777777776,0.7527732793522262,-95.69615384615383,25.013846153846153,90.93576923076922
2016-03,2016,3,74,1219449,5001438.0,MPOB,0.24381967746076227,1.71,0.65,27.55604166666667,61.41859375000001,27.087066885964916,130.425194627193,0.46897478070175325,-69.006600877193,0.6626608187134515,-104.64994152046782,26.776111111111113,88.91925925925926,0.4967719298245647,16.916011695906434,25.236888888888892,309.7613333333333,0.8980769230769212,-129.9375303643725,25.63615384615385,58.79807692307692
2016-04,2016,4,75,1301291,5001438.0,MPOB,0.2601833712624249,1.05,0.81,28.71796875,70.75213541666666,27.949632675438597,132.29295230263156,0.7683360745614038,-61.5408168859649,1.100155945419104,-94.16899610136451,27.854814814814816,112.835,0.5239064327485394,35.685520467836284,25.615555555555556,311.03911111111114,1.1199190283400815,-51.627955465587064,26.416153846153847,131.71423076923077
2016-05,2016,5,76,1364583,5001438.0,MPOB,0.27283813175330773,0.49,1.02,28.936041666666668,185.97546875,28.43262609649123,159.1037417763158,0.5034155701754379,26.87172697368422,0.6744444444444468,19.46118908382064,27.63092592592593,225.52888888888887,0.3745614035087712,65.22370760233918,25.732222222222223,322.36822222222224,0.7683805668016248,-37.094170040485835,26.29615384615385,177.86461538461538
2016-06,2016,6,77,1532613,5001438.0,MPOB,0.30643446944658714,0.0,1.25,28.206093749999997,197.45489583333332,28.15746162280702,170.18856359649124,0.04863212719297749,27.26633223684209,-0.0247076023391841,10.128654970760238,26.44222222222222,189.40148148148148,-0.2201052631578903,19.835508771929824,24.725333333333335,275.78266666666667,-0.0053036437246944,32.644230769230774,25.008076923076924,250.485
2016-07,2016,7,78,1585341,5001438.0,MPOB,0.3169770374040426,-0.31,1.57,28.026666666666667,173.40114583333332,27.83967105263158,177.98135690789474,0.18699561403508724,-4.580211074561419,0.0897758284600414,26.52640350877192,26.240555555555556,199.81925925925927,0.084257309941524,12.126982456140354,24.83177777777778,240.29155555555556,0.2372064777327942,2.545890688259135,24.96,233.51384615384617
2016-08,2016,8,79,1701833,5001438.0,MPOB,0.3402687387107468,-0.5,1.91,28.067343750000003,156.21760416666666,27.69108004385965,181.20005208333333,0.3762637061403531,-24.982447916666672,0.1887134502924006,-49.93638401559454,26.295,158.8788888888889,0.3004327485380145,-96.13290058479532,25.087555555555557,178.52355555555556,0.0913157894736862,-30.69993927125506,24.90346153846154,204.49076923076925
2016-09,2016,9,80,1715085,5001438.0,MPOB,0.3429183766748683,-0.58,2.21,27.700260416666666,196.80739583333332,27.6343475877193,194.26358826754387,0.06591282894736494,2.54380756578945,0.0179434697855747,-18.222231968810917,26.10925925925926,204.0775925925926,-0.0821520467836265,29.567684210526295,24.753777777777778,289.96999999999997,-0.2132995951417022,17.66265182186237,24.66576923076923,249.76615384615383
2016-10,2016,10,81,1677873,5001438.0,MPOB,0.3354781164936964,-0.64,2.47,27.381249999999998,257.1109895833333,27.584665570175435,236.39386513157896,-0.2034155701754372,20.71712445175436,-0.2426315789473676,-17.382884990253473,25.84166666666667,255.87574074074072,-0.0154736842105265,4.294736842105237,24.753777777777778,324.31066666666663,-0.1808299595141704,32.497267206477716,24.681153846153848,290.5034615384615
2016-11,2016,11,82,1574938,5001438.0,MPOB,0.31489703561255783,-0.6,2.64,27.321614583333332,296.8918229166667,27.263999451754383,322.9019078947369,0.05761513157894882,-26.01008497807021,0.1402923976608221,-34.509395711500986,25.93759259259259,369.8111111111111,-0.0241286549707595,1.842385964912296,24.664444444444445,376.5402222222222,0.0990485829959553,-27.28115384615387,24.910769230769233,244.74615384615385
2016-12,2016,12,83,1473717,5001438.0,MPOB,0.29465865617048537,-0.45,2.75,26.848593750000003,356.69296875000003,26.69765076754386,333.96572094298244,0.15094298245614368,22.72724780701759,0.0196296296296267,18.399970760233884,25.31462962962963,406.89814814814815,0.121157894736843,-111.2376959064328,24.673111111111112,300.49199999999996,-0.0049190283400832,18.814129554655835,24.60692307692307,320.8134615384615
2017-01,2017,1,84,1276849,5110713.0,MPOB,0.24983774279635737,-0.19,2.63,26.57677083333333,279.3168229166667,26.221030701754387,211.42351425438596,0.35574013157894413,67.89330866228073,0.2170175438596473,171.8863742690058,25.29648148148148,402.8633333333333,0.2865146198830395,-74.49380116959065,24.666,349.91977777777777,0.0679757085020256,-39.18621457489877,24.291923076923077,282.2592307692308
2017-02,2017,2,85,1258539,5110713.0,MPOB,0.2462550724331419,-0.02,2.28,26.23875,119.41734375,26.367971491228072,107.99989857456141,-0.1292214912280727,11.417445175438587,-0.0353411306042872,14.14074074074074,25.36537037037037,146.89055555555555,-0.2436842105263146,88.16457309941518,24.187333333333335,384.89022222222223,-0.2479959514170033,-10.91807692307694,24.013076923076923,175.7138461538461
2017-03,2017,3,86,1464021,5110713.0,MPOB,0.2864612041411834,0.18,1.71,26.885781249999997,134.51036458333334,27.087066885964916,130.425194627193,-0.20128563596491844,4.085169956140334,-0.2010428849902545,15.33894736842106,25.912407407407407,208.90814814814817,-0.2130058479532159,1.283345029239797,24.52711111111111,294.1286666666667,-0.2930769230769279,43.17708502024294,24.444999999999997,231.9126923076923
2017-04,2017,4,87,1548026,5110713.0,MPOB,0.30289824531332515,0.31,1.05,27.755520833333335,142.41718749999998,27.949632675438597,132.29295230263156,-0.19411184210526145,10.12423519736842,-0.3328070175438604,30.29378167641326,26.42185185185185,237.29777777777775,-0.1383157894736797,9.467520467836266,24.953333333333337,284.8211111111111,-0.1470040485829962,71.28204453441293,25.14923076923077,254.62423076923076
2017-05,2017,5,88,1654494,5110713.0,MPOB,0.32373056362194474,0.4,0.49,28.3203125,181.22463541666664,28.43262609649123,159.1037417763158,-0.11231359649123007,22.120893640350857,-0.1129629629629604,28.06378167641327,26.84351851851852,234.1314814814815,0.0098947368421029,41.81415204678359,25.367555555555555,298.95866666666666,0.0129959514170074,13.47621457489879,25.540769230769232,228.435
2017-06,2017,6,89,1514255,5110713.0,MPOB,0.2962903610513836,0.39,0.0,28.110208333333333,143.20333333333335,28.15746162280702,170.18856359649124,-0.04725328947368723,-26.985230263157888,0.0712183235867414,-21.78134502923976,26.538148148148142,157.4914814814815,-0.0905497076023351,5.329953216374236,24.85488888888889,261.2771111111111,-0.2499190283400807,36.91576923076923,24.763461538461534,254.75653846153847
2017-07,2017,7,90,1826828,5110713.0,MPOB,0.3574507118674048,0.19,-0.31,27.803489583333334,179.553125,27.83967105263158,177.98135690789474,-0.036181469298245617,1.571768092105259,-0.0620760233918105,3.315292397660812,26.088703703703704,176.60814814814816,0.04314619883041,-54.6554619883041,24.790666666666667,173.5091111111111,-0.072793522267208,-39.28834008097163,24.65,191.67961538461535
2017-08,2017,8,91,1810551,5110713.0,MPOB,0.35426583335828093,-0.07,-0.5,27.575781250000002,214.56041666666667,27.69108004385965,181.20005208333333,-0.11529879385964747,33.360364583333336,-0.1098050682261195,39.994727095516566,25.99648148148148,248.81,-0.2333450292397643,163.44865497076023,24.55377777777778,438.1051111111111,-0.0267611336032373,122.24121457489876,24.785384615384615,357.43192307692306
2017-09,2017,9,92,1779918,5110713.0,MPOB,0.348271953443678,-0.34,-0.58,27.735885416666665,205.53505208333334,27.6343475877193,194.26358826754387,0.10153782894736452,11.271463815789474,0.1257212475633515,52.54387914230017,26.21703703703704,274.8437037037037,0.1042923976608172,81.73679532163743,24.94022222222222,342.1391111111111,0.1478542510121485,16.553805668016224,25.02692307692308,248.6573076923077
2017-10,2017,10,93,2008838,5110713.0,MPOB,0.393064138017533,-0.6,-0.64,27.711822916666666,233.62578125000002,27.584665570175435,236.39386513157896,0.12715734649123078,-2.7680838815789457,0.1897758284600357,-50.512329434697904,26.274074074074072,222.7462962962963,-0.0352514619883059,-43.179929824561384,24.734,276.836,-0.0762145748987883,69.29611336032389,24.78576923076923,327.3023076923077
2017-11,2017,11,94,1942847,5110713.0,MPOB,0.38015184965385457,-0.77,-0.6,27.241614583333334,365.9276041666667,27.263999451754383,322.9019078947369,-0.022384868421049475,43.0256962719298,-0.0223001949317733,78.87949317738793,25.775,483.2,0.0558713450292387,-16.707836257309964,24.744444444444444,357.99,0.061740890688263,-23.84538461538466,24.87346153846154,248.18192307692303
2017-12,2017,12,95,1834167,5110713.0,MPOB,0.35888671502391156,-0.86,-0.45,26.73515625,238.63104166666668,26.69765076754386,333.96572094298244,0.03750548245614027,-95.33467927631577,0.1442592592592575,-106.27373294346978,25.43925925925926,282.2244444444445,-0.0781754385964923,-16.624584795321653,24.473777777777777,395.1051111111111,-0.0426113360323903,179.6364372469635,24.569230769230767,481.6357692307692
2018-01,2018,1,96,1586653,5189344.0,MPOB,0.3057521336030142,-0.77,-0.19,26.01109375,314.1176041666667,26.221030701754387,211.42351425438596,-0.20993695175438631,102.69408991228073,-0.126500974658871,127.24044834307998,24.952962962962964,358.21740740740745,-0.0541520467836242,-5.096245614035126,24.325333333333337,419.3173333333333,0.0122064777327963,-28.67621457489878,24.236153846153847,292.7692307692308
2018-02,2018,2,97,1342805,5189344.0,MPOB,0.25876199380885134,-0.71,-0.02,26.08609375,68.01322916666668,26.367971491228072,107.99989857456141,-0.2818777412280724,-39.98666940789474,-0.2223781676413239,-46.08555555555556,25.178333333333335,86.66425925925925,-0.2630175438596502,50.41279532163736,24.168,347.1384444444444,-0.0987651821862343,39.61307692307693,24.162307692307692,226.245
2018-03,2018,3,98,1574079,5189344.0,MPOB,0.30332909130710933,-0.57,0.18,27.060364583333335,98.47630208333334,27.087066885964916,130.425194627193,-0.026702302631580466,-31.94889254385967,0.056920077972709,-28.33420077972707,26.17037037037037,165.235,-0.1443391812865506,36.92356725146203,24.595777777777776,329.7688888888889,0.0346153846153853,34.09131578947367,24.77269230769231,222.82692307692307
2018-04,2018,4,99,1558769,5189344.0,MPOB,0.30037881474036027,-0.39,0.31,27.674843749999997,112.94072916666666,27.949632675438597,132.29295230263156,-0.27478892543859956,-19.352223135964906,-0.120584795321637,-39.19492202729043,26.634074074074075,167.8090740740741,-0.0832046783625735,88.44285380116958,25.008444444444443,363.7964444444444,-0.0923886639676148,63.55396761133602,25.20384615384615,246.89615384615385
2018-05,2018,5,100,1525490,5189344.0,MPOB,0.2939658654350145,-0.13,0.4,28.221718749999997,161.33354166666666,28.43262609649123,159.1037417763158,-0.21090734649123277,2.2297998903508756,-0.0638888888888864,33.418411306042884,26.892592592592592,239.48611111111111,-0.2543274853801165,101.4890409356725,25.103333333333335,358.6335555555556,0.003765182186239,-21.78724696356275,25.531538461538464,193.1715384615385
2018-06,2018,6,101,1332705,5189344.0,MPOB,0.2568156977066851,0.06,0.39,28.02151041666667,165.02119791666667,28.15746162280702,170.18856359649124,-0.1359512061403514,-5.16736567982457,-0.2391520467836265,4.75884015594545,26.227777777777774,184.0316666666667,-0.0727719298245581,20.630397660818687,24.872666666666667,276.57755555555553,-0.0095344129554639,24.815,25.003846153846155,242.65576923076924
2018-07,2018,7,102,1503220,5189344.0,MPOB,0.28967437888103004,0.14,0.19,27.708697916666665,155.7046875,27.83967105263158,177.98135690789474,-0.1309731359649149,-22.27666940789473,-0.2115204678362552,-17.946559454191032,25.93925925925926,155.34629629629632,0.1424795321637439,-50.45590643274852,24.89,177.7086666666667,-0.0597165991902848,-45.46334008097162,24.66307692307692,185.5046153846154
2018-08,2018,8,103,1620605,5189344.0,MPOB,0.31229477174764286,0.27,-0.07,27.644479166666667,115.96203125,27.69108004385965,181.20005208333333,-0.04660087719298289,-65.23802083333334,-0.0986939571150067,-70.1445321637427,26.00759259259259,138.67074074074074,0.1848771929824586,-142.18912280701755,24.972,132.46733333333333,-0.0548380566801611,-30.457246963562767,24.75730769230769,204.7334615384615
2018-09,2018,9,104,1853602,5189344.0,MPOB,0.35719389579877536,0.53,-0.34,27.48901041666667,185.04536458333334,27.6343475877193,194.26358826754387,-0.14533717105263122,-9.218223684210528,-0.0996491228070191,-8.200194931773893,25.991666666666667,214.0996296296296,-0.2932631578947351,-37.9685380116959,24.54266666666667,222.43377777777775,-0.2398380566801599,-16.43350202429147,24.63923076923077,215.67
2018-10,2018,10,105,1964954,5189344.0,MPOB,0.37865171397386643,0.81,-0.6,27.501770833333335,263.73223958333335,27.584665570175435,236.39386513157896,-0.0828947368420998,27.33837445175439,-0.0235575048732954,72.4624853801169,26.06074074074074,345.7211111111111,-0.0956959064327485,41.94695906432747,24.673555555555556,361.96288888888887,0.1126315789473686,-44.63388663967609,24.974615384615387,213.37230769230771
2018-11,2018,11,106,1845222,5189344.0,MPOB,0.3555790481417304,0.97,-0.77,27.385260416666668,274.23494791666667,27.263999451754383,322.9019078947369,0.12126096491228466,-48.666959978070224,0.123810916179341,-69.15939571150096,25.921111111111113,335.1611111111111,0.0900935672514613,4.923052631578912,24.778666666666663,379.6208888888889,0.1702024291497963,-38.27576923076924,24.98192307692307,233.75153846153847
2018-12,2018,12,107,1808038,5189344.0,MPOB,0.34841359524440857,0.92,-0.86,27.17197916666667,299.60442708333335,26.69765076754386,333.96572094298244,0.4743283991228111,-34.361293859649095,0.4094444444444427,-19.146881091617956,25.704444444444444,369.3512962962963,0.0416023391812885,-13.142362573099431,24.593555555555557,398.58733333333333,0.1693117408906879,-56.116255060728776,24.781153846153845,245.8830769230769
2019-01,2019,1,108,1737461,5216822.0,MPOB,0.3330496996063887,0.89,-0.77,26.8496875,157.81036458333332,26.221030701754387,211.42351425438596,0.6286567982456148,-53.61314967105264,0.4240545808966836,-60.6778849902534,25.50351851851852,170.29907407407407,0.3182923976608194,-96.38402339181287,24.69777777777778,328.02955555555553,0.0929757085020277,-61.68736842105261,24.31692307692308,259.75807692307694
2019-02,2019,2,109,1544518,5216822.0,MPOB,0.29606492228410325,0.86,-0.71,26.924374999999998,57.05848958333333,26.367971491228072,107.99989857456141,0.5564035087719255,-50.94140899122808,0.4348440545808998,-52.181296296296296,25.83555555555556,80.56851851851852,0.2743157894736825,-22.006315789473717,24.705333333333332,274.71933333333334,0.0531578947368416,-154.39423076923077,24.314230769230768,32.237692307692306
2019-03,2019,3,110,1672058,5216822.0,MPOB,0.3205127566169595,0.84,-0.57,27.48609375,53.412031250000005,27.087066885964916,130.425194627193,0.3990268640350827,-77.013163377193,0.4152534113060397,-97.11568226120856,26.5287037037037,96.45351851851852,0.1541052631578949,-126.03576608187132,24.894222222222226,166.80955555555556,-0.1603846153846184,-33.2832995951417,24.577692307692303,155.4523076923077
2019-04,2019,4,111,1649368,5216822.0,MPOB,0.3161633653592168,0.77,-0.39,28.38291666666667,108.60255208333332,27.949632675438597,132.29295230263156,0.43328399122807326,-23.69040021929824,0.5905263157894751,-38.20084795321637,27.345185185185187,168.80314814814815,0.3239064327485401,6.937742690058485,25.415555555555557,282.29133333333334,0.3676113360323896,-75.95180161943321,25.663846153846155,107.39038461538462
2019-05,2019,5,112,1671467,5216822.0,MPOB,0.32039946925542023,0.64,-0.13,28.673437500000002,133.35166666666666,28.43262609649123,159.1037417763158,0.24081140350877206,-25.752075109649127,0.1424074074074077,-10.57547758284602,27.098888888888887,195.4922222222222,0.2274502923976591,-92.13562573099418,25.58511111111111,165.0088888888889,0.2464574898785443,7.527753036437247,25.77423076923077,222.4865384615385
2019-06,2019,6,113,1510957,5216822.0,MPOB,0.2896316953118201,0.52,0.06,28.246354166666666,226.34572916666664,28.15746162280702,170.18856359649124,0.08889254385964662,56.15716557017541,0.2206627680311896,59.76384015594542,26.68759259259259,239.03666666666663,0.1845614035087734,28.187286549707608,25.13,284.13444444444445,0.3400809716599227,100.46307692307693,25.35346153846154,318.30384615384617
2019-07,2019,7,114,1740759,5216822.0,MPOB,0.3336818852550461,0.33,0.14,28.046354166666664,106.71208333333334,27.83967105263158,177.98135690789474,0.20668311403508355,-71.2692735745614,0.2855165692007801,-67.16155945419105,26.436296296296295,106.1312962962963,-0.0668538011695929,-36.0374619883041,24.680666666666664,192.1271111111111,-0.0397165991902852,13.465890688259122,24.68307692307692,244.43384615384613
2019-08,2019,8,115,1821548,5216822.0,MPOB,0.34916813339615577,0.19,0.27,27.82494791666667,116.40838541666666,27.69108004385965,181.20005208333333,0.13386787280701995,-64.79166666666667,0.2064912280701776,-64.79730994152047,26.31277777777778,144.01796296296297,0.2959883040935693,-118.96223391812867,25.083111111111112,155.6942222222222,0.2255465587044547,-29.30724696356276,25.037692307692307,205.88346153846155
2019-09,2019,9,116,1842433,5216822.0,MPOB,0.3531715285666254,0.23,0.53,27.781875,117.10755208333335,27.6343475877193,194.26358826754387,0.14752741228069866,-77.15603618421052,0.266276803118906,-89.28389863547758,26.357592592592592,133.01592592592593,0.4516257309941522,-146.9203157894737,25.287555555555556,113.482,0.4224696356275323,-128.92196356275304,25.301538461538463,103.18153846153844
2019-10,2019,10,117,1795841,5216822.0,MPOB,0.3442404207005721,0.39,0.81,27.5853125,217.53708333333336,27.584665570175435,236.39386513157896,0.0006469298245654898,-18.856781798245606,0.1682943469785591,31.31767056530208,26.252592592592595,304.5762962962963,-0.1052514619883027,-6.472818713450295,24.664,313.5431111111111,0.2622469635627524,-36.95427125506072,25.12423076923077,221.0519230769231
2019-11,2019,11,118,1538053,5216822.0,MPOB,0.2948256620601585,0.58,0.97,27.482708333333335,242.13776041666665,27.263999451754383,322.9019078947369,0.21870888157895152,-80.76414747807024,0.2234405458089661,-102.3512475633528,26.020740740740735,301.9692592592593,0.0260935672514648,-115.93472514619884,24.71466666666667,258.76311111111113,0.0636639676113368,3.6499999999999777,24.875384615384615,275.6773076923077
2019-12,2019,12,119,1333904,5216822.0,MPOB,0.25569283368303536,0.66,0.92,26.550416666666667,253.5739583333333,26.69765076754386,333.96572094298244,-0.14723410087719202,-80.39176260964913,-0.039814814814818,-122.8179922027291,25.255185185185184,265.68018518518517,0.022491228070173,107.11852631578938,24.57444444444444,518.8482222222221,-0.0533805668016214,77.4202834008097,24.558461538461536,379.4196153846154
2020-01,2020,1,120,1171534,5231743.0,MPOB,0.2239280484534504,0.64,0.89,26.68760416666667,93.49463541666667,26.221030701754387,211.42351425438596,0.46657346491228324,-117.9288788377193,0.6286842105263126,-127.25325536062375,25.708148148148148,103.7237037037037,0.5042923976608158,-136.04313450292398,24.883777777777777,288.37044444444444,0.4272064777327919,-145.06544534412956,24.651153846153843,176.38
2020-02,2020,2,121,1288515,5231743.0,MPOB,0.24628790060979677,0.63,0.86,26.794010416666666,82.73390625,26.367971491228072,107.99989857456141,0.42603892543859345,-25.26599232456141,0.3409551656920087,-24.49703703703705,25.741666666666667,108.25277777777777,0.351649122807018,-41.15853801169592,24.782666666666668,255.56711111111113,0.3608502024291482,-76.20576923076923,24.621923076923075,110.42615384615384
2020-03,2020,3,122,1401481,5231743.0,MPOB,0.2678803221029779,0.53,0.84,27.55213541666667,68.41453125,27.087066885964916,130.425194627193,0.46506853070175325,-62.01066337719301,0.658401559454191,-78.3877192982456,26.771851851851853,115.18148148148148,0.3818830409356728,30.133345029239763,25.122,322.97866666666664,0.4611538461538416,22.1147773279352,25.19923076923077,210.8503846153846
2020-04,2020,4,123,1652771,5231743.0,MPOB,0.31591211571363503,0.3,0.77,28.156875,190.28473958333333,27.949632675438597,132.29295230263156,0.20724232456140257,57.99178728070177,0.2342300194931788,84.24896686159843,26.98888888888889,291.25296296296295,0.2810175438596509,-14.329146198830417,25.372666666666667,261.02444444444444,0.2695344129554655,3.41127530364372,25.56576923076923,186.75346153846155
2020-05,2020,5,124,1651336,5231743.0,MPOB,0.3156378285401252,0.01,0.64,28.583437500000002,144.4684375,28.43262609649123,159.1037417763158,0.1508114035087722,-14.635304276315793,0.1922222222222238,-4.092329434697859,27.148703703703703,201.97537037037037,0.4043391812865486,31.477485380116946,25.762,288.622,0.5049190283400833,36.25313765182187,26.032692307692308,251.21192307692309
2020-06,2020,6,125,1885742,5231743.0,MPOB,0.3604423994068516,-0.23,0.52,28.054895833333333,234.59515624999997,28.15746162280702,170.18856359649124,-0.10256578947368666,64.40659265350874,-0.1348927875243646,72.2827290448343,26.33203703703704,251.55555555555551,-0.1374385964912292,94.68484210526316,24.807999999999996,350.632,0.0508502024291495,79.91461538461539,25.064230769230768,297.7553846153846
2020-07,2020,7,126,1807397,5231743.0,MPOB,0.345467466578538,-0.36,0.33,27.5959375,236.60390625,27.83967105263158,177.98135690789474,-0.24373355263157848,58.62254934210526,-0.1004093567251445,88.43103313840155,26.05037037037037,261.7238888888889,-0.2504093567251466,156.75298245614036,24.49711111111111,384.9175555555556,0.0787449392712567,93.46050607287452,24.801538461538463,324.42846153846153
2020-08,2020,8,127,1863309,5231743.0,MPOB,0.35615453587838697,-0.53,0.19,27.887760416666666,132.95197916666666,27.69108004385965,181.20005208333333,0.1966803728070161,-48.24807291666667,0.2320467836257336,-65.25730994152048,26.338333333333335,143.55796296296296,0.226654970760233,-25.62156725146201,25.013777777777776,249.03488888888887,0.1701619433198402,-22.08455465587045,24.982307692307693,213.10615384615383
2020-09,2020,9,128,1869256,5231743.0,MPOB,0.3572912507361313,-0.85,0.23,27.528333333333332,239.25895833333334,27.6343475877193,194.26358826754387,-0.10601425438596834,44.99537006578947,-0.083167641325538,26.686842105263167,26.00814814814815,248.98666666666668,-0.1988187134502901,95.85923976608188,24.63711111111111,356.26155555555556,0.1813157894736861,14.140344129554675,25.060384615384617,246.24384615384616
2020-10,2020,10,129,1724559,5231743.0,MPOB,0.32963373774285165,-1.12,0.39,27.443802083333335,224.90921875,27.584665570175435,236.39386513157896,-0.14086348684210037,-11.484646381578955,-0.166335282651076,-59.41436647173492,25.91796296296296,213.84425925925927,0.0323040935672516,1.8087368421053045,24.801555555555556,321.8246666666667,-0.2639068825910975,70.45842105263159,24.59807692307692,328.4646153846154
2020-11,2020,11,130,1491074,5231743.0,MPOB,0.2850052076334789,-1.2,0.58,27.07348958333333,361.87208333333336,27.263999451754383,322.9019078947369,-0.19050986842105289,38.97017543859647,-0.0048927875243656,39.92467836257316,25.792407407407406,444.2451851851852,-0.0492397660818717,19.86327485380116,24.639333333333333,394.56111111111113,-0.035566801619435,49.88846153846151,24.776153846153843,321.91576923076923
2020-12,2020,12,131,1333639,5231743.0,MPOB,0.25491294201569153,-1.08,0.66,26.59171875,267.8169270833333,26.69765076754386,333.96572094298244,-0.10593201754386072,-66.14879385964912,0.0248148148148139,-37.48669590643283,25.319814814814816,351.01148148148144,-0.0421754385964909,-135.7832514619883,24.509777777777774,275.94644444444447,0.0035425101214592,12.055668016194318,24.615384615384617,314.055
2021-01,2021,1,132,1126457,5221085.0,MPOB,0.21575151525018268,-0.91,0.64,25.820104166666667,258.08869791666666,26.221030701754387,211.42351425438596,-0.40092653508772,46.6651836622807,-0.3752046783625751,52.4698927875244,24.70425925925926,283.4468518518519,-0.2043742690058536,131.78953216374265,24.175111111111107,556.2031111111111,-0.1466396761133594,162.69109311740883,24.07730769230769,484.1365384615384
2021-02,2021,2,133,1108236,5221085.0,MPOB,0.21226162761188527,-0.79,0.63,25.85109375,66.19916666666667,26.367971491228072,107.99989857456141,-0.5168777412280718,-41.80073190789474,-0.2983040935672498,-72.83777777777777,25.10240740740741,59.91203703703704,-0.1752397660818729,-79.50698245614038,24.255777777777777,217.21866666666668,-0.0172267206477698,-30.061153846153843,24.243846153846157,156.57076923076923
2021-03,2021,3,134,1423483,5221085.0,MPOB,0.27264122304080474,-0.71,0.53,26.842864583333334,193.86749999999998,27.087066885964916,130.425194627193,-0.2442023026315816,63.44230537280697,-0.242153996101365,87.0626510721248,25.871296296296297,280.6318518518519,-0.2525614035087713,-5.016432748538023,24.487555555555556,287.82888888888886,-0.0680769230769264,1.689008097165981,24.67,190.42461538461535
2021-04,2021,4,135,1528121,5221085.0,MPOB,0.29268265121138615,-0.55,0.3,27.80458333333333,131.60244791666665,27.949632675438597,132.29295230263156,-0.145049342105267,-0.690504385964914,-0.3502144249512682,34.77118908382067,26.404444444444444,241.7751851851852,-0.1976491228070145,-100.03536842105264,24.894,175.3182222222222,-0.3646963562753029,-59.35680161943321,24.931538461538462,123.98538461538462
2021-05,2021,5,136,1571525,5221085.0,MPOB,0.30099586580184,-0.39,0.01,28.28734375,184.44479166666667,28.43262609649123,159.1037417763158,-0.1452823464912285,25.341049890350888,-0.0649999999999941,52.668411306042856,26.891481481481485,258.7361111111111,-0.0978830409356739,60.154818713450254,25.259777777777774,317.2993333333333,-0.1312348178137661,123.46582995951422,25.39653846153846,338.42461538461544
2021-06,2021,6,137,1606187,5221085.0,MPOB,0.3076347157726794,-0.3,-0.23,28.021093750000002,150.78354166666665,28.15746162280702,170.18856359649124,-0.13636787280701768,-19.405021929824585,-0.2395224171539958,4.608469785575068,26.22740740740741,183.8812962962963,-0.0738830409356694,-18.169380116959076,24.871555555555556,237.77777777777777,0.0166194331983788,-101.57153846153848,25.03,116.26923076923076
2021-07,2021,7,138,1527761,5221085.0,MPOB,0.29261370002595244,-0.35,-0.36,27.866249999999997,184.59552083333332,27.83967105263158,177.98135690789474,0.02657894736841726,6.614163925438589,-0.0850389863547746,10.091588693957108,26.06574074074074,183.38444444444443,0.1247017543859669,-31.421239766081868,24.872222222222224,196.74333333333337,0.118360323886641,-17.34718623481777,24.841153846153848,213.62076923076924
2021-08,2021,8,139,1710356,5221085.0,MPOB,0.3275863158711264,-0.45,-0.53,27.492604166666666,244.03166666666667,27.69108004385965,181.20005208333333,-0.19847587719298332,62.831614583333334,-0.2148050682261164,63.768430799220255,25.891481481481485,272.5837037037037,-0.1595672514619863,84.42154385964915,24.627555555555556,359.07800000000003,0.105931174089072,45.17813765182186,24.918076923076924,280.36884615384616
2021-09,2021,9,140,1703740,5221085.0,MPOB,0.3263191463077119,-0.63,-0.85,27.580624999999998,203.97171875,27.6343475877193,194.26358826754387,-0.05372258771930305,9.708130482456141,-0.0302046783625762,21.043323586744663,26.06111111111111,243.34314814814817,-0.1923742690058461,70.21901754385965,24.64355555555556,330.6213333333333,-0.1113765182186234,75.67072874493928,24.767692307692307,307.77423076923077
2021-10,2021,10,141,1725837,5221085.0,MPOB,0.33055140837584523,-0.76,-1.12,27.857760416666665,196.7596875,27.584665570175435,236.39386513157896,0.2730948464912295,-39.63417763157895,0.2232943469785553,-39.44214424951272,26.30759259259259,233.81648148148147,0.2416374269005849,16.980070175438584,25.01088888888889,336.996,0.1060931174089034,44.97803643724694,24.96807692307692,302.98423076923075
2021-11,2021,11,142,1634932,5221085.0,MPOB,0.31314027639848807,-0.91,-1.2,27.4140625,308.75255208333334,27.263999451754383,322.9019078947369,0.15006304824561667,-14.149355811403552,0.0380701754385981,-25.074210526315767,25.83537037037037,379.2462962962963,0.093871345029239,-47.70716959064333,24.782444444444444,326.99066666666664,0.0755870445344157,-26.51884615384617,24.887307692307697,245.50846153846155
2021-12,2021,12,143,1449719,5221085.0,MPOB,0.27766623221035475,-0.87,-1.08,26.79359375,315.3716145833333,26.69765076754386,333.96572094298244,0.09594298245614041,-18.594106359649118,0.0968518518518521,22.415711500974567,25.391851851851857,410.9138888888888,0.20293567251462,-109.11969590643275,24.75488888888889,302.61,-0.0156882591093108,-22.38779352226726,24.596153846153847,279.61153846153843
2022-01,2022,1,144,1253581,5127290.0,MPOB,0.244491924583942,-0.82,-0.91,26.414895833333333,147.961875,26.221030701754387,211.42351425438596,0.1938651315789457,-63.46163925438597,0.2168323586744627,-74.55492202729044,25.296296296296298,156.42203703703703,-0.0997076023391834,-28.07513450292396,24.279777777777777,396.33844444444446,-0.0666396761133576,-85.42313765182186,24.157307692307693,236.0223076923077
2022-02,2022,2,145,1137462,5127290.0,MPOB,0.22184467818282172,-0.79,-0.79,26.637552083333333,273.40734375,26.367971491228072,107.99989857456141,0.2695805921052603,165.40744517543857,-0.013118908382065,234.19444444444449,25.387592592592593,366.9442592592593,0.186982456140349,-15.140760233918172,24.618,281.5848888888889,0.0027732793522261,55.10653846153846,24.263846153846153,241.7384615384615
2022-03,2022,3,146,1411223,5127290.0,MPOB,0.2752376011499252,-0.86,-0.71,27.34364583333333,139.63598958333333,27.087066885964916,130.425194627193,0.25657894736841413,9.210794956140319,0.2250682261208574,31.976539961013657,26.33851851851852,225.5457407407407,0.0972163742690064,-19.103988304093548,24.837333333333333,273.74133333333333,0.0515384615384597,115.31785425101214,24.789615384615384,304.05346153846153
2022-04,2022,4,147,1462053,5127290.0,MPOB,0.28515122023525097,-0.95,-0.55,27.876875,163.63875,27.949632675438597,132.29295230263156,-0.07275767543859857,31.345797697368425,-0.1768810916179326,54.17804093567253,26.57777777777778,261.18203703703705,-0.1776491228070149,-2.0993684210526453,24.914,273.2542222222222,-0.4154655870445367,121.07204453441298,24.88076923076923,304.4142307692308
2022-05,2022,5,148,1461029,5127290.0,MPOB,0.28495150459599516,-0.9,-0.39,28.449895833333333,184.17453125,28.43262609649123,159.1037417763158,0.017269736842102645,25.070789473684215,-0.1601851851851812,40.95989278752435,26.796296296296298,247.02759259259255,0.0738947368421065,-11.366736842105295,25.43155555555556,245.77777777777777,-0.2154655870445339,42.582753036437225,25.31230769230769,257.54153846153844
2022-06,2022,6,149,1545111,5127290.0,MPOB,0.3013504209826243,-0.78,-0.3,27.9921875,199.17276041666665,28.15746162280702,170.18856359649124,-0.1652741228070198,28.984196820175413,-0.2900779727095539,81.60069200779725,26.17685185185185,260.8735185185185,-0.2676608187134484,111.68861988304091,24.677777777777777,367.6357777777778,0.0154655870445346,3.313846153846129,25.028846153846153,221.15461538461537
2022-07,2022,7,150,1573563,5127290.0,MPOB,0.3068995512249161,-0.76,-0.35,28.12484375,172.66901041666665,27.83967105263158,177.98135690789474,0.2851726973684201,-5.312346491228084,0.2240350877193009,-9.696929824561408,26.374814814814815,163.59592592592594,0.1378128654970751,48.376093567251445,24.88533333333333,276.54066666666665,0.154514170040489,76.17704453441303,24.877307692307696,307.14500000000004
2022-08,2022,8,151,1725787,5127290.0,MPOB,0.33658852922303983,-0.87,-0.45,27.806875,197.72697916666667,27.69108004385965,181.20005208333333,0.11579495614035196,16.526927083333334,0.0194541910331373,8.510097465886929,26.12574074074074,217.32537037037036,0.0697660818713465,95.22998830409352,24.85688888888889,369.8864444444444,0.1693927125506071,-40.70455465587045,24.98153846153846,194.48615384615383
2022-09,2022,9,152,1770441,5127290.0,MPOB,0.3452976133591039,-0.97,-0.63,27.6346875,212.0759375,27.6343475877193,194.26358826754387,0.00033991228069751855,17.812349232456143,-0.1642787524366511,-3.2518615984405415,25.927037037037035,219.04796296296297,-0.2350409356725151,79.69790643274854,24.60088888888889,340.1002222222222,-0.0325303643724694,30.99534412955464,24.84653846153846,263.0988461538461
2022-10,2022,10,153,1813596,5127290.0,MPOB,0.3537143403240308,-0.94,-0.76,27.214375,333.6098958333333,27.584665570175435,236.39386513157896,-0.37029057017543465,97.21603070175436,-0.296335282651075,109.59989278752433,25.78796296296296,382.8585185185185,-0.1174736842105268,121.56673684210529,24.651777777777777,441.5826666666667,0.0587854251012132,53.64303643724696,24.92076923076923,311.64923076923077
2022-11,2022,11,154,1680741,5127290.0,MPOB,0.32780299144382313,-0.85,-0.91,27.15223958333333,304.34020833333335,27.263999451754383,322.9019078947369,-0.11175986842105345,-18.561699561403543,-0.1513742690058457,-5.883099415204697,25.645925925925926,398.43740740740736,0.0460935672514608,27.934163742689975,24.734666666666666,402.63199999999995,0.0925101214574901,-33.78576923076926,24.904230769230768,238.24153846153845
2022-12,2022,12,155,1618833,5127290.0,MPOB,0.31572877680022,-0.71,-0.87,26.589270833333334,445.7379166666667,26.69765076754386,333.96572094298244,-0.10837993421052516,111.77219572368426,-0.303888888888892,158.4303411306043,24.99111111111111,546.9285185185186,-0.3828421052631583,-17.133251461988323,24.16911111111111,394.5964444444445,-0.371072874493926,22.12489878542505,24.24076923076923,324.12423076923073
2023-01,2023,1,156,1380410,5130172.0,MPOB,0.2690767483039555,-0.54,-0.82,26.129270833333333,277.83927083333333,26.221030701754387,211.42351425438596,-0.09175986842105388,66.41575657894737,-0.1863157894736851,50.407115009746605,24.89314814814815,281.3840740740741,0.0085146198830408,-79.36513450292398,24.388,345.04844444444444,-0.1189473684210504,130.41609311740888,24.105,451.8615384615384
2023-02,2023,2,157,1253573,5130172.0,MPOB,0.24435301584430308,-0.29,-0.79,26.214583333333334,177.93718750000002,26.367971491228072,107.99989857456141,-0.1533881578947387,69.93728892543861,-0.1727485380116959,88.09129629629629,25.22796296296296,220.8411111111111,0.0952046783625739,5.318128654970735,24.526222222222223,302.0437777777778,0.1077732793522301,26.41269230769231,24.368846153846157,213.04461538461535
2023-03,2023,3,158,1288132,5130172.0,MPOB,0.2510894371572727,-0.02,-0.86,26.54088541666667,178.88130208333334,27.087066885964916,130.425194627193,-0.5461814692982472,48.45610745614033,-0.492153996101365,34.49746588693958,25.621296296296297,228.06666666666663,-0.1432280701754393,24.741122807017575,24.596888888888888,317.58644444444445,0.0384615384615401,-62.50214574898786,24.776538461538465,126.23346153846154
2023-04,2023,4,159,1194559,5130172.0,MPOB,0.23284969782689546,0.27,-0.95,28.203177083333333,90.86557291666666,27.949632675438597,132.29295230263156,0.2535444078947364,-41.4273793859649,0.239600389863547,-73.0993664717349,26.99425925925926,133.90462962962962,0.2252397660818736,-85.77625730994154,25.31688888888889,189.5773333333333,0.1818421052631613,-71.68795546558707,25.478076923076927,111.65423076923076
2023-05,2023,5,160,1517634,5130172.0,MPOB,0.29582516921459945,0.57,-0.9,28.78916666666667,132.57510416666665,28.43262609649123,159.1037417763158,0.35654057017544005,-26.528637609649138,0.3270370370370372,-19.48844054580897,27.283518518518516,186.5792592592593,0.3734502923976599,-60.824736842105295,25.73111111111111,196.31977777777777,0.1991497975708505,-14.30378542510121,25.726923076923075,200.655
2023-06,2023,6,161,1447697,5130172.0,MPOB,0.2821926828184318,0.84,-0.78,28.544010416666666,147.85635416666665,28.15746162280702,170.18856359649124,0.3865487938596459,-22.332209429824587,0.3986257309941514,1.6769883040935554,26.865555555555556,180.9498148148148,0.3750058479532221,-51.67226900584794,25.320444444444448,204.2748888888889,0.2396963562753065,-28.07307692307694,25.253076923076925,189.7676923076923
2023-07,2023,7,162,1609927,5130172.0,MPOB,0.3138154042398578,1.12,-0.76,28.244375,245.36151041666668,27.83967105263158,177.98135690789474,0.4047039473684215,67.38015350877194,0.438664717348928,91.25214424951268,26.58944444444444,264.545,0.3791461988304121,14.72920467836255,25.12666666666667,242.89377777777776,0.487591093117409,66.75589068825911,25.210384615384616,297.7238461538461
2023-08,2023,8,163,1753472,5130172.0,MPOB,0.3417959475822643,1.37,-0.87,28.248697916666668,192.569375,27.69108004385965,181.20005208333333,0.5576178728070182,11.369322916666675,0.5659356725146196,71.74491228070173,26.67222222222222,280.56018518518516,0.6453216374269033,-65.89978947368422,25.43244444444445,208.75666666666663,0.6128542510121449,-87.24224696356276,25.424999999999997,147.94846153846154
2023-09,2023,9,164,1829434,5130172.0,MPOB,0.3566028585396357,1.6,-0.97,28.15640625,223.66484375000002,27.6343475877193,194.26358826754387,0.5220586622806991,29.40125548245615,0.5383138401559435,69.51702729044837,26.62962962962963,291.8168518518519,0.514514619883041,53.91390643274855,25.350444444444445,314.3162222222222,0.4928542510121438,114.43803643724696,25.371923076923075,346.54153846153844
2023-10,2023,10,165,1937224,5130172.0,MPOB,0.3776138499839771,1.83,-0.94,28.39661458333333,173.41776041666665,27.584665570175435,236.39386513157896,0.8119490131578964,-62.97610471491231,0.815886939571147,-29.07769980506825,26.900185185185183,244.18092592592595,0.7865263157894731,-56.7659298245614,25.555777777777777,263.25,0.9218623481781344,-120.96504048582996,25.783846153846152,137.04115384615386
2023-11,2023,11,166,1788870,5130172.0,MPOB,0.34869591117022974,1.99,-0.85,28.06651041666667,444.39906249999996,27.263999451754383,322.9019078947369,0.8025109649122868,121.49715460526306,0.5552923976608213,142.50727095516572,26.352592592592593,546.8277777777778,0.7376491228070172,-20.518725146198847,25.426222222222226,354.1791111111111,0.6978947368421053,-28.52230769230772,25.509615384615383,243.505
2023-12,2023,12,167,1550796,5130172.0,MPOB,0.30228927996956045,2.06,-0.71,27.465156250000003,370.7288541666667,26.69765076754386,333.96572094298244,0.7675054824561443,36.763133223684235,0.7461111111111087,97.00423001949316,26.04111111111111,485.5024074074074,0.8113801169590609,17.85630409356719,25.36333333333333,429.586,0.8423886639676113,-2.007408906882631,25.45423076923077,299.99192307692306
2024-01,2024,1,168,1402355,5066524.0,MPOB,0.27678838588349725,1.92,-0.54,27.027291666666667,290.3147916666667,26.221030701754387,211.42351425438596,0.8062609649122798,78.89127741228071,0.7638693957114988,97.24211500974664,25.843333333333337,328.2190740740741,0.910959064327482,-1.7004678362573031,25.290444444444443,422.7131111111111,0.9033603238866376,-159.2465991902834,25.12730769230769,162.19884615384615
2024-02,2024,2,169,1259382,5066524.0,MPOB,0.24856923602848818,1.62,-0.29,27.480885416666666,96.69328125,26.367971491228072,107.99989857456141,1.112913925438594,-11.306617324561415,1.0418810916179346,-1.6261111111111006,26.442592592592593,131.1237037037037,0.9767602339181244,-46.40631578947375,25.407777777777778,250.3193333333333,0.8004655870445347,-47.89576923076922,25.06153846153846,138.73615384615383
2024-03,2024,3,170,1392471,5066524.0,MPOB,0.2748375414781416,1.26,-0.02,27.97265625,138.18239583333335,27.087066885964916,130.425194627193,0.8855893640350843,7.757201206140337,0.8621052631578934,16.334873294346977,26.975555555555555,209.9040740740741,1.027216374269006,13.552011695906458,25.767333333333333,306.39733333333334,0.8626923076923063,-138.47945344129556,25.60076923076923,50.25615384615385
2024-04,2024,4,171,1501905,5066524.0,MPOB,0.2964369654619222,0.82,0.27,28.993125000000003,119.10046875,27.949632675438597,132.29295230263156,1.0434923245614058,-13.192483552631558,1.1155263157894737,-8.926403508771926,27.870185185185186,198.0775925925926,1.109906432748538,-3.1402573099414894,26.20155555555555,272.21333333333337,1.0433805668016198,-47.229878542510136,26.339615384615385,136.1123076923077
2024-05,2024,5,172,1704495,5066524.0,MPOB,0.3364229598043945,0.49,0.57,29.313125,192.59421874999998,28.43262609649123,159.1037417763158,0.8804989035087694,33.490476973684196,0.8768518518518533,75.77248538011696,27.833333333333332,281.8401851851852,0.804783625730991,126.03837426900584,26.162444444444443,383.1828888888889,1.064919028340082,36.34467611336035,26.592692307692307,251.30346153846156
2024-06,2024,6,173,1615283,5066524.0,MPOB,0.31881483241764963,0.22,0.84,28.762656250000003,227.35369791666668,28.15746162280702,170.18856359649124,0.6051946271929829,57.16513432017544,0.6969590643274834,85.01606237816765,27.163888888888888,264.2888888888889,0.5138947368421078,94.88328654970763,25.459333333333333,350.8304444444445,0.3531578947368423,70.19730769230767,25.36653846153846,288.0380769230769
2024-07,2024,7,174,1840999,5066524.0,MPOB,0.36336529739126866,0.08,1.12,28.54479166666667,144.9346875,27.83967105263158,177.98135690789474,0.7051206140350885,-33.04666940789474,0.6932943469785577,-41.513040935672535,26.844074074074072,131.7798148148148,0.7009239766081876,7.185426900584787,25.448444444444444,235.35,0.6102834008097169,12.948582995951456,25.333076923076923,243.9165384615385
2024-08,2024,8,175,1893859,5066524.0,MPOB,0.3737984859047347,-0.07,1.37,28.180520833333333,229.09755208333334,27.69108004385965,181.20005208333333,0.48944078947368297,47.89750000000001,0.5431578947368436,54.8658382066277,26.649444444444445,263.68111111111114,0.4315438596491212,139.370432748538,25.218666666666664,414.0268888888889,0.5067004048583001,77.80159919028338,25.318846153846152,312.9923076923077
2024-09,2024,9,176,1821933,5066524.0,MPOB,0.3596021651135966,-0.17,1.6,28.223333333333333,198.64494791666667,27.6343475877193,194.26358826754387,0.5889857456140319,4.3813596491228,0.5447953216374231,13.634619883040926,26.63611111111111,235.93444444444444,0.6940701754385934,19.040573099415212,25.53,279.4428888888889,0.6617004048582977,-43.94542510121457,25.54076923076923,188.15807692307692
2024-10,2024,10,177,1797348,5066524.0,MPOB,0.3547497258475436,-0.21,1.83,28.180677083333332,210.95166666666668,27.584665570175435,236.39386513157896,0.5960115131578974,-25.44219846491228,0.5186647173489263,-16.651959064327514,26.60296296296296,256.6066666666667,0.4269707602339174,-16.85881871345032,25.19622222222222,303.1571111111111,0.3768623481781361,-3.839655870445341,25.23884615384615,254.1665384615385
2024-11,2024,11,178,1621294,5066524.0,MPOB,0.3200012474035453,-0.3,1.99,27.778385416666666,404.52416666666664,27.263999451754383,322.9019078947369,0.5143859649122824,81.62225877192975,0.3604775828460056,151.33727095516576,26.157777777777778,555.6577777777778,0.6100935672514645,-12.833391812865557,25.29866666666667,361.8644444444444,0.5348178137651836,38.189615384615365,25.34653846153846,310.2169230769231
2024-12,2024,12,179,1486942,5066524.0,MPOB,0.2934836586188085,-0.42,2.06,27.099218750000002,279.04005208333336,26.69765076754386,333.96572094298244,0.4015679824561431,-54.92566885964908,0.3805555555555528,-73.34576998050687,25.675555555555555,315.1524074074074,0.5531578947368416,-39.17191812865502,25.10511111111111,372.55777777777774,0.439311740890691,45.46566801619434,25.05115384615385,347.46500000000003
2025-01,2025,1,180,1239895,5043478.0,MPOB,0.24584126271592738,-0.45,1.92,26.22854166666667,287.07364583333333,26.221030701754387,211.42351425438596,0.007510964912281537,75.65013157894737,0.0412768031189045,83.92896686159847,25.12074074074074,314.90592592592594,0.4174035087719261,360.550865497076,24.796888888888887,784.9644444444444,0.5087449392712564,133.08147773279353,24.732692307692307,454.5269230769231
2025-02,2025,2,181,1188443,5043478.0,MPOB,0.23563957253308135,-0.24,1.62,26.20958333333333,97.11677083333332,26.367971491228072,107.99989857456141,-0.15838815789474125,-10.883127741228094,0.1841033138401542,-12.414999999999992,25.584814814814813,120.33481481481482,0.1867602339181289,37.543684210526294,24.61777777777778,334.26933333333335,0.263927125506072,112.235,24.525,298.86692307692306
2025-03,2025,3,182,1387616,5043478.0,MPOB,0.2751307728515917,-0.06,1.26,27.0240625,166.04619791666667,27.087066885964916,130.425194627193,-0.06300438596491631,35.62100328947366,0.1484015594541929,21.79857699805069,26.261851851851855,215.36777777777775,0.3187719298245639,116.1366783625731,25.05888888888889,408.982,0.1588461538461558,82.3047773279352,24.89692307692308,271.0403846153846
2025-04,2025,4,183,1686379,5043478.0,MPOB,0.33436826729491037,0.02,0.82,27.750520833333336,200.25463541666667,27.949632675438597,132.29295230263156,-0.19911184210526045,67.96168311403511,-0.2037329434697845,114.05711500974655,26.550925925925927,321.0611111111111,0.0152397660818728,-5.707146198830401,25.10688888888889,269.64644444444446,0.0637651821862341,-11.922570850202447,25.36,171.41961538461538
2025-05,2025,5,184,1771621,5043478.0,MPOB,0.3512696992036051,-0.02,0.49,28.75390625,178.1628125,28.43262609649123,159.1037417763158,0.32128015350876993,19.059070723684215,0.1096296296296301,25.318966861598422,27.06611111111111,231.38666666666663,0.255005847953214,-70.92007017543861,25.612666666666662,186.2244444444445,0.1083805668016211,-21.825323886639666,25.63615384615385,193.13346153846155
2025-06,2025,6,185,1692370,5043478.0,MPOB,0.33555613804600715,-0.04,0.22,28.468072916666667,180.54557291666666,28.15746162280702,170.18856359649124,0.3106112938596475,10.357009320175422,0.1747368421052648,-1.909678362573089,26.64166666666667,177.36314814814816,0.2612280701754415,-20.25960233918127,25.206666666666667,235.6875555555556,0.0277732793522282,-27.313846153846157,25.041153846153847,190.52692307692308
2025-07,2025,7,186,1812467,5043478.0,MPOB,0.35936847548457634,-0.14,0.08,28.41989583333333,141.26833333333335,27.83967105263158,177.98135690789474,0.5802247807017515,-36.71302357456139,0.4690350877193019,-27.443781676413263,26.619814814814816,145.84907407407408,0.5611461988304107,-70.78079532163744,25.308666666666667,157.38377777777777,0.2602834008097154,-92.12334008097162,24.98307692307692,138.8446153846154
2025-08,2025,8,187,1854756,5043478.0,MPOB,0.3677533638493119,-0.28,-0.07,27.94348958333333,227.39770833333333,27.69108004385965,181.20005208333333,0.25240953947368183,46.197656249999994,0.110565302144252,19.08565302144248,26.216851851851853,227.90092592592592,-0.0817894736842106,8.013321637426884,24.705333333333332,282.66977777777777,-0.1529149797570852,64.05044534412954,24.659230769230767,299.24115384615385
2025-09,2025,9,188,1840983,5043478.0,MPOB,0.365022510259785,-0.4,-0.17,27.720989583333335,229.94927083333334,27.6343475877193,194.26358826754387,0.08664199561403407,35.68568256578948,0.0866471734892755,42.30702729044833,26.17796296296296,264.60685185185184,0.1211812865497066,81.66923976608189,24.95711111111111,342.07155555555556,0.0520850202429166,107.28419028340082,24.931153846153848,339.3876923076923
2025-10,2025,10,189,2043886,5043478.0,MPOB,0.4052532795820662,-0.51,-0.21,27.977604166666666,248.84921875,27.584665570175435,236.39386513157896,0.39293859649123064,12.455353618421043,0.1247758284600379,-1.6115886939571735,26.20907407407407,271.647037037037,0.1774152046783612,-35.99037426900583,24.946666666666665,284.02555555555557,0.1130161943319834,-22.099271255060728,24.975,235.90692307692308
2025-11,2025,11,190,1935510,5043478.0,MPOB,0.3837649336430138,-0.55,-0.3,27.496770833333333,429.21161458333336,27.263999451754383,322.9019078947369,0.2327713815789494,106.30970668859646,-0.0202631578947354,185.47245614035091,25.777037037037037,589.792962962963,0.2472046783625714,-39.85672514619887,24.935777777777776,334.8411111111111,0.1109716599190306,35.95307692307688,24.92269230769231,307.9803846153846
2025-12,2025,12,191,1829549,5043478.0,MPOB,0.3627554239356254,-0.54,-0.42,26.83796875,375.5447916666667,26.69765076754386,333.96572094298244,0.1403179824561427,41.579070723684254,0.1368518518518477,98.63534113060422,25.43185185185185,487.1335185185185,0.207824561403509,42.838970760233906,24.759777777777774,454.5686666666667,0.288157894736841,-23.655101214574927,24.9,278.34423076923076
2026-01,2026,1,192,1576683,4993364.0,FORECAST,0.31575567092645357,-0.37,-0.45,25.886863239247315,356.1463541666667,26.221030701754387,211.42351425438596,-0.33416746250707163,144.72283991228073,-0.2802405206564806,215.822485380117,24.79922341696535,446.7994444444445,-0.3873276740237692,132.79575438596493,23.99215770609319,557.2093333333333,-0.0505106438552935,71.61109311740887,24.173436724565757,393.0565384615384
2026-02,2026,2,193,1284268,4993364.0,FORECAST,0.25719494913649393,-0.14,-0.24,26.199200148809524,298.8433333333333,26.367971491228072,107.99989857456141,-0.1687713424185482,190.84343475877188,0.0284022556391008,244.84666666666664,25.42911375661376,377.5964814814815,-0.004731829573938,5.034573099415127,24.42628571428571,301.7602222222222,0.0156716310005791,133.09884615384615,24.276744505494506,319.7307692307692
2026-03,2026,3,194,1376849,4993364.0,FORECAST,0.2757357564960215,0.13,-0.06,27.13604502688172,317.6705729166667,27.087066885964916,130.425194627193,0.0489781409168053,187.24537828947368,0.004906935798278,283.33431773879147,26.11835722819594,476.9035185185185,0.1012235427277836,-169.98443274853798,24.84134050179211,122.86088888888888,-0.244875930521097,-14.629838056680171,24.493200992555828,174.10576923076923
2026-04,2026,4,195,1629801,4993364.0,FORECAST,0.3263933893062873,0.48,0.02,28.437225694444447,281.01854166666664,27.949632675438597,132.29295230263156,0.4875930190058497,148.72558936403507,0.4265386614684843,211.7348927875244,27.181197530864196,418.73888888888894,0.3158693957115019,-67.60047953216375,25.40751851851852,207.7531111111111,0.2373549257759784,-117.35564777327936,25.533589743589744,65.98653846153846
2026-05,2026,5,196,1516327,4993364.0,FORECAST,0.3036684287386219,,-0.02,28.75446572580645,450.1236979166667,28.43262609649123,159.1037417763158,0.32183962931522103,291.0199561403509,0.2789486260454019,356.7035964912281,27.23543010752688,562.7712962962963,0.1770345217883395,40.86392982456135,25.53469534050179,298.0084444444444,0.3711473161812755,-24.2007085020243,25.8989205955335,190.7580769230769
